ds;yhat;yhat_lower;yhat_upper;counter_id
2025-12-01 00:00:00;0;-55.513954494468145;42.339615513752626;urn:ngsi-ld:EcoCounter:X2H19070220
2025-12-01 01:00:00;0;-55.30956792955738;44.03670298058255;urn:ngsi-ld:EcoCounter:X2H19070220
2025-12-01 02:00:00;0;-59.52500878594546;32.05049648040971;urn:ngsi-ld:EcoCounter:X2H19070220
2025-12-01 03:00:00;0;-71.12420875816171;22.33746143170629;urn:ngsi-ld:EcoCounter:X2H19070220
2025-12-01 04:00:00;0;-77.27178852173836;20.065910784426;urn:ngsi-ld:EcoCounter:X2H19070220
2025-12-01 05:00:00;0;-61.70147041728132;31.885701961706395;urn:ngsi-ld:EcoCounter:X2H19070220
2025-12-01 06:00:00;19;-30.92265697511289;63.194434937586415;urn:ngsi-ld:EcoCounter:X2H19070220
2025-12-01 07:00:00;52;6.698831285307288;102.97692218300551;urn:ngsi-ld:EcoCounter:X2H19070220
2025-12-01 08:00:00;74;23.54193117973031;120.0735934425939;urn:ngsi-ld:EcoCounter:X2H19070220
2025-12-01 09:00:00;77;31.741995218442487;124.98869759013009;urn:ngsi-ld:EcoCounter:X2H19070220
2025-12-01 10:00:00;66;18.658997602811144;113.3172882585084;urn:ngsi-ld:EcoCounter:X2H19070220
2025-12-01 11:00:00;50;0.8254081874677447;96.93989816570401;urn:ngsi-ld:EcoCounter:X2H19070220
2025-12-01 12:00:00;38;-11.507841885465218;83.68824531001033;urn:ngsi-ld:EcoCounter:X2H19070220
2025-12-01 13:00:00;36;-10.478365927010888;88.8323741549333;urn:ngsi-ld:EcoCounter:X2H19070220
2025-12-01 14:00:00;45;-6.553117930004404;89.98619804456374;urn:ngsi-ld:EcoCounter:X2H19070220
2025-12-01 15:00:00;65;19.426705982998612;114.57062064137806;urn:ngsi-ld:EcoCounter:X2H19070220
2025-12-01 16:00:00;87;38.14592108464169;134.3830545180165;urn:ngsi-ld:EcoCounter:X2H19070220
2025-12-01 17:00:00;103;54.34027297942531;150.59629352213807;urn:ngsi-ld:EcoCounter:X2H19070220
2025-12-01 18:00:00;101;55.70697921921224;149.66400900859736;urn:ngsi-ld:EcoCounter:X2H19070220
2025-12-01 19:00:00;80;29.53595805877324;126.16093756533908;urn:ngsi-ld:EcoCounter:X2H19070220
2025-12-01 20:00:00;45;-5.224371646640328;91.9996785734365;urn:ngsi-ld:EcoCounter:X2H19070220
2025-12-01 21:00:00;13;-31.836200398378846;60.85597189602302;urn:ngsi-ld:EcoCounter:X2H19070220
2025-12-01 22:00:00;0;-53.38384054046568;43.52381196742599;urn:ngsi-ld:EcoCounter:X2H19070220
2025-12-01 23:00:00;0;-54.530168817018684;41.45932001260098;urn:ngsi-ld:EcoCounter:X2H19070220
2025-12-01 04:00:00;0;-37.855516231026826;14.287664095568045;urn:ngsi-ld:EcoCounter:X2H20042635
2025-12-01 05:00:00;0;-29.50391003877823;23.221553558317982;urn:ngsi-ld:EcoCounter:X2H20042635
2025-12-01 06:00:00;14;-10.606683645856128;42.52504160672714;urn:ngsi-ld:EcoCounter:X2H20042635
2025-12-01 07:00:00;34;5.66321442221847;61.79120352376018;urn:ngsi-ld:EcoCounter:X2H20042635
2025-12-01 08:00:00;47;21.891377776065504;71.74270593713386;urn:ngsi-ld:EcoCounter:X2H20042635
2025-12-01 09:00:00;51;22.032347596978884;77.47929028437594;urn:ngsi-ld:EcoCounter:X2H20042635
2025-12-01 10:00:00;44;17.63732413361339;68.03680558101844;urn:ngsi-ld:EcoCounter:X2H20042635
2025-12-01 11:00:00;33;6.21935625248368;59.14823151086725;urn:ngsi-ld:EcoCounter:X2H20042635
2025-12-01 12:00:00;25;0.06815501133538002;50.1524793229282;urn:ngsi-ld:EcoCounter:X2H20042635
2025-12-01 13:00:00;25;0.023243535384784447;51.00001920689384;urn:ngsi-ld:EcoCounter:X2H20042635
2025-12-01 14:00:00;32;4.042180301704761;61.03339904328288;urn:ngsi-ld:EcoCounter:X2H20042635
2025-12-01 15:00:00;43;17.396838434113107;69.66926484795265;urn:ngsi-ld:EcoCounter:X2H20042635
2025-12-01 16:00:00;52;24.69071098952933;79.31376796347082;urn:ngsi-ld:EcoCounter:X2H20042635
2025-12-01 17:00:00;56;28.03974293918739;80.63427219305359;urn:ngsi-ld:EcoCounter:X2H20042635
2025-12-01 18:00:00;52;25.998468684831504;75.9202878630356;urn:ngsi-ld:EcoCounter:X2H20042635
2025-12-01 19:00:00;40;15.260328580026348;65.6180990083875;urn:ngsi-ld:EcoCounter:X2H20042635
2025-12-01 20:00:00;22;-4.390094694548862;47.41435539276734;urn:ngsi-ld:EcoCounter:X2H20042635
2025-12-01 21:00:00;7;-18.022615824353093;32.198528547758876;urn:ngsi-ld:EcoCounter:X2H20042635
2025-12-01 22:00:00;0;-26.897297307572863;26.954612639263974;urn:ngsi-ld:EcoCounter:X2H20042635
2025-12-01 23:00:00;0;-26.3847212573169;26.66300350122401;urn:ngsi-ld:EcoCounter:X2H20042635
2025-12-02 00:00:00;2;-25.987668065932453;26.52549547251729;urn:ngsi-ld:EcoCounter:X2H20042635
2025-12-02 01:00:00;4;-21.899103686210285;30.442846223553268;urn:ngsi-ld:EcoCounter:X2H20042635
2025-12-02 02:00:00;0;-28.784689097355987;24.046836315919066;urn:ngsi-ld:EcoCounter:X2H20042635
2025-12-02 03:00:00;0;-31.852086084724064;19.116275129582597;urn:ngsi-ld:EcoCounter:X2H20042635
2025-09-12 01:00:00;253;214.34768728050295;288.75766313090446;urn:ngsi-ld:EcoCounter:X2H20063164
2025-09-12 02:00:00;255;218.99251135533984;287.9645020036431;urn:ngsi-ld:EcoCounter:X2H20063164
2025-09-12 03:00:00;257;220.6327750614923;294.88565850858237;urn:ngsi-ld:EcoCounter:X2H20063164
2025-09-12 04:00:00;260;224.26235175176973;294.9818101065587;urn:ngsi-ld:EcoCounter:X2H20063164
2025-09-12 05:00:00;265;227.41955702852246;301.284383446033;urn:ngsi-ld:EcoCounter:X2H20063164
2025-09-12 06:00:00;271;236.4210600742394;309.3750817708797;urn:ngsi-ld:EcoCounter:X2H20063164
2025-09-12 07:00:00;278;240.97254620429888;313.9317408204485;urn:ngsi-ld:EcoCounter:X2H20063164
2025-09-12 08:00:00;282;249.40315270866148;319.0726263315272;urn:ngsi-ld:EcoCounter:X2H20063164
2025-09-12 09:00:00;285;248.33260280698346;317.7837385392578;urn:ngsi-ld:EcoCounter:X2H20063164
2025-09-12 10:00:00;285;249.81019720946517;323.56600325670166;urn:ngsi-ld:EcoCounter:X2H20063164
2025-09-12 11:00:00;286;250.17006855962367;324.16920438167483;urn:ngsi-ld:EcoCounter:X2H20063164
2025-09-12 12:00:00;288;250.18717037657117;323.59122084260804;urn:ngsi-ld:EcoCounter:X2H20063164
2025-09-12 13:00:00;291;256.23137060234916;328.10251171805214;urn:ngsi-ld:EcoCounter:X2H20063164
2025-09-12 14:00:00;296;258.98471873067416;329.1135995082528;urn:ngsi-ld:EcoCounter:X2H20063164
2025-09-12 15:00:00;301;265.61805780523196;339.31779825860764;urn:ngsi-ld:EcoCounter:X2H20063164
2025-09-12 16:00:00;307;272.51026716660607;341.8751368333264;urn:ngsi-ld:EcoCounter:X2H20063164
2025-09-12 17:00:00;312;274.71516760771715;349.81529543049965;urn:ngsi-ld:EcoCounter:X2H20063164
2025-09-12 18:00:00;316;282.29172803108736;350.638792382842;urn:ngsi-ld:EcoCounter:X2H20063164
2025-09-12 19:00:00;319;283.80605444593925;354.8814034234848;urn:ngsi-ld:EcoCounter:X2H20063164
2025-09-12 20:00:00;320;284.2344200069288;357.52506857310146;urn:ngsi-ld:EcoCounter:X2H20063164
2025-09-12 21:00:00;321;284.2301023484792;355.51679166398395;urn:ngsi-ld:EcoCounter:X2H20063164
2025-09-12 22:00:00;323;287.7813626700598;358.36648325944986;urn:ngsi-ld:EcoCounter:X2H20063164
2025-09-12 23:00:00;326;290.91761542912144;361.4633307954658;urn:ngsi-ld:EcoCounter:X2H20063164
2025-09-13 00:00:00;331;298.2257840502024;367.86786858868885;urn:ngsi-ld:EcoCounter:X2H20063164
2025-11-21 16:00:00;44;-80.96770779626023;186.14460793654945;urn:ngsi-ld:EcoCounter:X2H21070342
2025-11-21 17:00:00;55;-90.19126508441619;194.7376857936526;urn:ngsi-ld:EcoCounter:X2H21070342
2025-11-21 18:00:00;56;-77.36311359720305;194.6364727207391;urn:ngsi-ld:EcoCounter:X2H21070342
2025-11-21 19:00:00;45;-92.7226390906647;186.97087126043544;urn:ngsi-ld:EcoCounter:X2H21070342
2025-11-21 20:00:00;25;-121.34931856713628;163.7770922657424;urn:ngsi-ld:EcoCounter:X2H21070342
2025-11-21 21:00:00;6;-128.0967715541572;146.67619416669712;urn:ngsi-ld:EcoCounter:X2H21070342
2025-11-21 22:00:00;0;-140.7174324103932;134.56814755495122;urn:ngsi-ld:EcoCounter:X2H21070342
2025-11-21 23:00:00;0;-138.26200841792132;143.47669425283854;urn:ngsi-ld:EcoCounter:X2H21070342
2025-11-22 00:00:00;5;-140.88026618271397;147.2680257291629;urn:ngsi-ld:EcoCounter:X2H21070342
2025-11-22 01:00:00;8;-127.86847475490312;141.71645655393448;urn:ngsi-ld:EcoCounter:X2H21070342
2025-11-22 02:00:00;3;-141.85422601441297;129.87857462360762;urn:ngsi-ld:EcoCounter:X2H21070342
2025-11-22 03:00:00;0;-151.9288485940353;132.67332314426656;urn:ngsi-ld:EcoCounter:X2H21070342
2025-11-22 04:00:00;0;-143.45140216916388;131.17585938962006;urn:ngsi-ld:EcoCounter:X2H21070342
2025-11-22 05:00:00;9;-135.23640144161752;145.16500074591863;urn:ngsi-ld:EcoCounter:X2H21070342
2025-11-22 06:00:00;33;-111.25074136582931;167.85612772515026;urn:ngsi-ld:EcoCounter:X2H21070342
2025-11-22 07:00:00;56;-86.2759869539726;191.00990594539613;urn:ngsi-ld:EcoCounter:X2H21070342
2025-11-22 08:00:00;68;-71.28115897525706;209.71675465795911;urn:ngsi-ld:EcoCounter:X2H21070342
2025-11-22 09:00:00;67;-63.78310171334652;198.69496854349978;urn:ngsi-ld:EcoCounter:X2H21070342
2025-11-22 10:00:00;56;-81.22155487137452;202.13150092783602;urn:ngsi-ld:EcoCounter:X2H21070342
2025-11-22 11:00:00;44;-93.97347220823072;180.92445336150584;urn:ngsi-ld:EcoCounter:X2H21070342
2025-11-22 12:00:00;36;-101.17264802697258;179.17248934579925;urn:ngsi-ld:EcoCounter:X2H21070342
2025-11-22 13:00:00;37;-103.66399258297501;175.64220270582976;urn:ngsi-ld:EcoCounter:X2H21070342
2025-11-22 14:00:00;45;-107.27716312800496;185.74585159495686;urn:ngsi-ld:EcoCounter:X2H21070342
2025-11-22 15:00:00;58;-85.19944688349621;204.02215484325785;urn:ngsi-ld:EcoCounter:X2H21070342
2025-12-01 01:00:00;0;-3.437703971495615;3.7039353885120807;urn:ngsi-ld:EcoCounter:X2H21070343
2025-12-01 02:00:00;0;-3.525453659550426;3.0896081120977876;urn:ngsi-ld:EcoCounter:X2H21070343
2025-12-01 03:00:00;0;-4.56930233484194;2.5960910000043547;urn:ngsi-ld:EcoCounter:X2H21070343
2025-12-01 04:00:00;0;-4.730943991227996;2.2032823000904505;urn:ngsi-ld:EcoCounter:X2H21070343
2025-12-01 05:00:00;0;-4.153000213551361;3.1545839828762507;urn:ngsi-ld:EcoCounter:X2H21070343
2025-12-01 06:00:00;1;-2.301590319511752;4.529823340426853;urn:ngsi-ld:EcoCounter:X2H21070343
2025-12-01 07:00:00;3;-0.09512257354752984;6.854620620361163;urn:ngsi-ld:EcoCounter:X2H21070343
2025-12-01 08:00:00;5;1.0428185050040872;7.861598729997848;urn:ngsi-ld:EcoCounter:X2H21070343
2025-12-01 09:00:00;5;0.9873930141129567;8.139932444583911;urn:ngsi-ld:EcoCounter:X2H21070343
2025-12-01 10:00:00;3;-0.45449221985363614;6.712997476081051;urn:ngsi-ld:EcoCounter:X2H21070343
2025-12-01 11:00:00;1;-2.2361494099243995;4.639926926505699;urn:ngsi-ld:EcoCounter:X2H21070343
2025-12-01 12:00:00;0;-3.446718229960738;3.6036742997582905;urn:ngsi-ld:EcoCounter:X2H21070343
2025-12-01 13:00:00;0;-3.8900002404824403;3.023850639313772;urn:ngsi-ld:EcoCounter:X2H21070343
2025-12-01 14:00:00;0;-3.468020342344757;3.6533136530211037;urn:ngsi-ld:EcoCounter:X2H21070343
2025-12-01 15:00:00;2;-1.8347042624272552;4.587424279371677;urn:ngsi-ld:EcoCounter:X2H21070343
2025-12-01 16:00:00;3;-0.5344804622409981;6.294416546898497;urn:ngsi-ld:EcoCounter:X2H21070343
2025-12-01 17:00:00;4;0.49654962230120214;7.384550732463086;urn:ngsi-ld:EcoCounter:X2H21070343
2025-12-01 18:00:00;4;0.07680325188679588;7.273291437253065;urn:ngsi-ld:EcoCounter:X2H21070343
2025-12-01 19:00:00;3;-0.4659704839260977;6.571298197809082;urn:ngsi-ld:EcoCounter:X2H21070343
2025-12-01 20:00:00;2;-1.8930331534285383;5.376400088078028;urn:ngsi-ld:EcoCounter:X2H21070343
2025-12-01 21:00:00;0;-3.4187149248007027;4.018352199858176;urn:ngsi-ld:EcoCounter:X2H21070343
2025-12-01 22:00:00;0;-3.77620808840857;3.1464963525808436;urn:ngsi-ld:EcoCounter:X2H21070343
2025-12-01 23:00:00;0;-3.65038004396396;3.2710664054753895;urn:ngsi-ld:EcoCounter:X2H21070343
2025-12-02 00:00:00;0;-2.9738490970568168;3.9999129066581975;urn:ngsi-ld:EcoCounter:X2H21070343
2025-12-01 02:00:00;0;-11.9719884836216;6.497251854265498;urn:ngsi-ld:EcoCounter:X2H21070346
2025-12-01 03:00:00;0;-13.392840736012019;5.2909675897499655;urn:ngsi-ld:EcoCounter:X2H21070346
2025-12-01 04:00:00;0;-13.360345789429536;5.567529337877401;urn:ngsi-ld:EcoCounter:X2H21070346
2025-12-01 05:00:00;0;-11.312454183342359;8.140898725738802;urn:ngsi-ld:EcoCounter:X2H21070346
2025-12-01 06:00:00;3;-7.200323418779989;12.761784648490021;urn:ngsi-ld:EcoCounter:X2H21070346
2025-12-01 07:00:00;10;-0.08273616487519886;19.320459532375263;urn:ngsi-ld:EcoCounter:X2H21070346
2025-12-01 08:00:00;15;5.532509772910198;25.094590408246916;urn:ngsi-ld:EcoCounter:X2H21070346
2025-12-01 09:00:00;18;8.852085430958065;27.268678157255255;urn:ngsi-ld:EcoCounter:X2H21070346
2025-12-01 10:00:00;17;7.093585500608439;26.281860909324998;urn:ngsi-ld:EcoCounter:X2H21070346
2025-12-01 11:00:00;13;3.9557557617830787;21.98821486923735;urn:ngsi-ld:EcoCounter:X2H21070346
2025-12-01 12:00:00;8;-0.7940792076329194;18.51441997033675;urn:ngsi-ld:EcoCounter:X2H21070346
2025-12-01 13:00:00;6;-3.6170256175896824;15.677490692585307;urn:ngsi-ld:EcoCounter:X2H21070346
2025-12-01 14:00:00;8;-0.7341446675644868;18.003752898586026;urn:ngsi-ld:EcoCounter:X2H21070346
2025-12-01 15:00:00;12;2.2956573479505336;21.172330286578323;urn:ngsi-ld:EcoCounter:X2H21070346
2025-12-01 16:00:00;15;5.918000756570798;24.41222346204665;urn:ngsi-ld:EcoCounter:X2H21070346
2025-12-01 17:00:00;15;7.161679595101467;25.117986343797043;urn:ngsi-ld:EcoCounter:X2H21070346
2025-12-01 18:00:00;13;3.389111825282237;22.342790591856954;urn:ngsi-ld:EcoCounter:X2H21070346
2025-12-01 19:00:00;8;-0.9980532232189984;17.220308218177752;urn:ngsi-ld:EcoCounter:X2H21070346
2025-12-01 20:00:00;2;-7.4191722787490075;11.673313210093013;urn:ngsi-ld:EcoCounter:X2H21070346
2025-12-01 21:00:00;0;-10.750582449925405;8.898873615307373;urn:ngsi-ld:EcoCounter:X2H21070346
2025-12-01 22:00:00;0;-12.661123225063946;6.91086204764442;urn:ngsi-ld:EcoCounter:X2H21070346
2025-12-01 23:00:00;0;-11.397951050753019;7.806177798708957;urn:ngsi-ld:EcoCounter:X2H21070346
2025-12-02 00:00:00;0;-10.835741075080866;8.552292101318324;urn:ngsi-ld:EcoCounter:X2H21070346
2025-12-02 01:00:00;0;-10.3033977454914;7.62626306805312;urn:ngsi-ld:EcoCounter:X2H21070346
2025-09-23 02:00:00;1259;1044.519145346151;1474.2428539860339;urn:ngsi-ld:EcoCounter:X2H21070348
2025-09-23 03:00:00;1262;1045.9967381392685;1474.4265436757762;urn:ngsi-ld:EcoCounter:X2H21070348
2025-09-23 04:00:00;1274;1061.120232417409;1487.4060662136255;urn:ngsi-ld:EcoCounter:X2H21070348
2025-09-23 05:00:00;1301;1098.0662040107152;1534.6478584064882;urn:ngsi-ld:EcoCounter:X2H21070348
2025-09-23 06:00:00;1342;1125.5061163060307;1563.9590761101133;urn:ngsi-ld:EcoCounter:X2H21070348
2025-09-23 07:00:00;1382;1166.8164132581019;1594.2892261229445;urn:ngsi-ld:EcoCounter:X2H21070348
2025-09-23 08:00:00;1412;1189.990741252392;1624.225366466492;urn:ngsi-ld:EcoCounter:X2H21070348
2025-09-23 09:00:00;1427;1205.8989961791192;1649.6086843187363;urn:ngsi-ld:EcoCounter:X2H21070348
2025-09-23 10:00:00;1432;1226.3830732276479;1639.3788615508586;urn:ngsi-ld:EcoCounter:X2H21070348
2025-09-23 11:00:00;1434;1196.7606873344118;1654.1044862907816;urn:ngsi-ld:EcoCounter:X2H21070348
2025-09-23 12:00:00;1439;1242.2770961556166;1671.4096614939892;urn:ngsi-ld:EcoCounter:X2H21070348
2025-09-23 13:00:00;1451;1236.0645671144207;1664.1645226178414;urn:ngsi-ld:EcoCounter:X2H21070348
2025-09-23 14:00:00;1470;1251.1052695131623;1688.598600445349;urn:ngsi-ld:EcoCounter:X2H21070348
2025-09-23 15:00:00;1497;1268.0867899662944;1712.6430130797403;urn:ngsi-ld:EcoCounter:X2H21070348
2025-09-23 16:00:00;1529;1333.1813068505403;1751.3425961625433;urn:ngsi-ld:EcoCounter:X2H21070348
2025-09-23 17:00:00;1560;1344.3023746251147;1770.3930332516147;urn:ngsi-ld:EcoCounter:X2H21070348
2025-09-23 18:00:00;1579;1344.7663698167696;1795.3131039657385;urn:ngsi-ld:EcoCounter:X2H21070348
2025-09-23 19:00:00;1581;1358.4779135892527;1802.4059580912237;urn:ngsi-ld:EcoCounter:X2H21070348
2025-09-23 20:00:00;1572;1362.8847090029913;1785.1495228311328;urn:ngsi-ld:EcoCounter:X2H21070348
2025-09-23 21:00:00;1564;1357.4407644486803;1776.7088795974453;urn:ngsi-ld:EcoCounter:X2H21070348
2025-09-23 22:00:00;1569;1353.8798355280592;1778.2085506331832;urn:ngsi-ld:EcoCounter:X2H21070348
2025-09-23 23:00:00;1590;1369.2833151466316;1810.5076617024017;urn:ngsi-ld:EcoCounter:X2H21070348
2025-09-24 00:00:00;1617;1398.3302680600693;1845.87478460102;urn:ngsi-ld:EcoCounter:X2H21070348
2025-09-24 01:00:00;1639;1420.967712504774;1855.1108726622756;urn:ngsi-ld:EcoCounter:X2H21070348
2025-12-01 02:00:00;10;-43.04341745570135;67.21361053375063;urn:ngsi-ld:EcoCounter:X2H21070349
2025-12-01 03:00:00;0;-60.77536528180177;55.26864790416181;urn:ngsi-ld:EcoCounter:X2H21070349
2025-12-01 04:00:00;0;-54.84956743948854;53.00571323974217;urn:ngsi-ld:EcoCounter:X2H21070349
2025-12-01 05:00:00;30;-27.980860186897395;85.1574614584799;urn:ngsi-ld:EcoCounter:X2H21070349
2025-12-01 06:00:00;79;25.398148436430095;134.33590161136522;urn:ngsi-ld:EcoCounter:X2H21070349
2025-12-01 07:00:00;123;69.0779206535991;180.96644923334537;urn:ngsi-ld:EcoCounter:X2H21070349
2025-12-01 08:00:00;142;81.8903678589752;201.18135443197502;urn:ngsi-ld:EcoCounter:X2H21070349
2025-12-01 09:00:00;134;77.47711366476302;192.92097254300353;urn:ngsi-ld:EcoCounter:X2H21070349
2025-12-01 10:00:00;110;51.804619984150335;170.3263602009454;urn:ngsi-ld:EcoCounter:X2H21070349
2025-12-01 11:00:00;88;30.3068833617717;143.1907776732851;urn:ngsi-ld:EcoCounter:X2H21070349
2025-12-01 12:00:00;78;22.81640846930242;133.9364628206765;urn:ngsi-ld:EcoCounter:X2H21070349
2025-12-01 13:00:00;81;23.73224762171943;138.4792491556094;urn:ngsi-ld:EcoCounter:X2H21070349
2025-12-01 14:00:00;93;36.00898683168356;148.1957912454289;urn:ngsi-ld:EcoCounter:X2H21070349
2025-12-01 15:00:00;111;54.88528325215648;172.65404073790313;urn:ngsi-ld:EcoCounter:X2H21070349
2025-12-01 16:00:00;133;77.17337239552818;184.51209801955383;urn:ngsi-ld:EcoCounter:X2H21070349
2025-12-01 17:00:00;150;91.97735338319258;209.40910220441998;urn:ngsi-ld:EcoCounter:X2H21070349
2025-12-01 18:00:00;152;100.19283232469668;207.3213470251111;urn:ngsi-ld:EcoCounter:X2H21070349
2025-12-01 19:00:00;132;79.62705051376886;190.95052138421826;urn:ngsi-ld:EcoCounter:X2H21070349
2025-12-01 20:00:00;96;32.63257097951301;150.80190024683932;urn:ngsi-ld:EcoCounter:X2H21070349
2025-12-01 21:00:00;59;4.11540933764558;114.17346448677539;urn:ngsi-ld:EcoCounter:X2H21070349
2025-12-01 22:00:00;38;-17.032819742103253;97.01011555871717;urn:ngsi-ld:EcoCounter:X2H21070349
2025-12-01 23:00:00;37;-20.980379568629864;94.18161101777984;urn:ngsi-ld:EcoCounter:X2H21070349
2025-12-02 00:00:00;45;-13.319248284495412;100.3042066050108;urn:ngsi-ld:EcoCounter:X2H21070349
2025-12-02 01:00:00;45;-12.521588274222818;99.12798213299533;urn:ngsi-ld:EcoCounter:X2H21070349
2025-01-23 03:00:00;390;235.8760327064278;548.8583366348951;urn:ngsi-ld:EcoCounter:X2H21070350
2025-01-23 04:00:00;396;238.44823025779627;549.252925118074;urn:ngsi-ld:EcoCounter:X2H21070350
2025-01-23 05:00:00;404;243.10549826465393;549.1335342983144;urn:ngsi-ld:EcoCounter:X2H21070350
2025-01-23 06:00:00;416;268.27905727231297;576.6017249341994;urn:ngsi-ld:EcoCounter:X2H21070350
2025-01-23 07:00:00;431;276.7771299181263;582.4254813629244;urn:ngsi-ld:EcoCounter:X2H21070350
2025-01-23 08:00:00;449;283.4569984607907;593.5416470123497;urn:ngsi-ld:EcoCounter:X2H21070350
2025-01-23 09:00:00;466;306.2638399247514;610.6858693927362;urn:ngsi-ld:EcoCounter:X2H21070350
2025-01-23 10:00:00;477;326.579609331761;638.1701177105033;urn:ngsi-ld:EcoCounter:X2H21070350
2025-01-23 11:00:00;478;325.08301286695274;633.6553338755411;urn:ngsi-ld:EcoCounter:X2H21070350
2025-01-23 12:00:00;471;319.5452560553237;626.3804611500802;urn:ngsi-ld:EcoCounter:X2H21070350
2025-01-23 13:00:00;462;308.9193339025336;624.3459489418408;urn:ngsi-ld:EcoCounter:X2H21070350
2025-01-23 14:00:00;458;302.78380856096857;619.4749090373165;urn:ngsi-ld:EcoCounter:X2H21070350
2025-01-23 15:00:00;461;296.6477399847649;612.4261162575108;urn:ngsi-ld:EcoCounter:X2H21070350
2025-01-23 16:00:00;469;311.25596359486025;619.9514482295001;urn:ngsi-ld:EcoCounter:X2H21070350
2025-01-23 17:00:00;474;318.81504797049087;629.446395959047;urn:ngsi-ld:EcoCounter:X2H21070350
2025-01-23 18:00:00;475;316.2170009522755;633.4688822809206;urn:ngsi-ld:EcoCounter:X2H21070350
2025-01-23 19:00:00;472;319.4841000054811;611.9975845476895;urn:ngsi-ld:EcoCounter:X2H21070350
2025-01-23 20:00:00;469;317.9070791587382;625.6557039135961;urn:ngsi-ld:EcoCounter:X2H21070350
2025-01-23 21:00:00;470;312.84437990744493;624.6313180820036;urn:ngsi-ld:EcoCounter:X2H21070350
2025-01-23 22:00:00;474;323.67776396856914;622.5803750557022;urn:ngsi-ld:EcoCounter:X2H21070350
2025-01-23 23:00:00;480;333.98956689172473;630.5143959812419;urn:ngsi-ld:EcoCounter:X2H21070350
2025-01-24 00:00:00;487;346.2458088521028;643.2188188890511;urn:ngsi-ld:EcoCounter:X2H21070350
2025-01-24 01:00:00;494;332.43579856816166;637.615020550872;urn:ngsi-ld:EcoCounter:X2H21070350
2025-01-24 02:00:00;503;344.79952386668043;658.0150022409533;urn:ngsi-ld:EcoCounter:X2H21070350
2025-12-01 03:00:00;0;-20.376293948534315;22.1319324636454;urn:ngsi-ld:EcoCounter:X2H22043030
2025-12-01 04:00:00;0;-21.237994092428092;21.591311718799044;urn:ngsi-ld:EcoCounter:X2H22043030
2025-12-01 05:00:00;9;-11.537758272075457;30.042788350513046;urn:ngsi-ld:EcoCounter:X2H22043030
2025-12-01 06:00:00;23;0.2506781734225555;44.019501296712704;urn:ngsi-ld:EcoCounter:X2H22043030
2025-12-01 07:00:00;35;15.997224480534825;55.73784689072887;urn:ngsi-ld:EcoCounter:X2H22043030
2025-12-01 08:00:00;40;18.07669063689367;59.95934031386999;urn:ngsi-ld:EcoCounter:X2H22043030
2025-12-01 09:00:00;36;14.416533347944426;57.06847225178484;urn:ngsi-ld:EcoCounter:X2H22043030
2025-12-01 10:00:00;27;5.57532561608281;49.752165146983586;urn:ngsi-ld:EcoCounter:X2H22043030
2025-12-01 11:00:00;20;-0.6901025866258997;41.19130099015919;urn:ngsi-ld:EcoCounter:X2H22043030
2025-12-01 12:00:00;18;-4.3735508470294855;38.78984057764643;urn:ngsi-ld:EcoCounter:X2H22043030
2025-12-01 13:00:00;20;-1.3433301277040768;41.65214694705694;urn:ngsi-ld:EcoCounter:X2H22043030
2025-12-01 14:00:00;25;4.852077686370968;45.63384724201327;urn:ngsi-ld:EcoCounter:X2H22043030
2025-12-01 15:00:00;30;8.739268432048071;50.58641379076832;urn:ngsi-ld:EcoCounter:X2H22043030
2025-12-01 16:00:00;34;13.253728813712288;53.465698312381086;urn:ngsi-ld:EcoCounter:X2H22043030
2025-12-01 17:00:00;37;15.969551746989074;58.43874173203694;urn:ngsi-ld:EcoCounter:X2H22043030
2025-12-01 18:00:00;37;15.287326696708389;59.15703136443734;urn:ngsi-ld:EcoCounter:X2H22043030
2025-12-01 19:00:00;31;9.607738398917276;52.55016460038062;urn:ngsi-ld:EcoCounter:X2H22043030
2025-12-01 20:00:00;22;-0.7814878986918186;42.83618724652885;urn:ngsi-ld:EcoCounter:X2H22043030
2025-12-01 21:00:00;12;-9.265386212093766;32.844382867077336;urn:ngsi-ld:EcoCounter:X2H22043030
2025-12-01 22:00:00;8;-13.722147608010129;28.94712441949391;urn:ngsi-ld:EcoCounter:X2H22043030
2025-12-01 23:00:00;9;-11.561234416482645;31.041732074178796;urn:ngsi-ld:EcoCounter:X2H22043030
2025-12-02 00:00:00;12;-8.807713470523074;32.71918506118044;urn:ngsi-ld:EcoCounter:X2H22043030
2025-12-02 01:00:00;13;-6.83669478839422;35.416404655592146;urn:ngsi-ld:EcoCounter:X2H22043030
2025-12-02 02:00:00;9;-13.900831373011142;28.719645378685115;urn:ngsi-ld:EcoCounter:X2H22043030
2025-11-30 03:00:00;0;-76.18210454992052;63.2399241768029;urn:ngsi-ld:EcoCounter:X2H22043033
2025-11-30 04:00:00;0;-68.97635834443676;65.43992043575835;urn:ngsi-ld:EcoCounter:X2H22043033
2025-11-30 05:00:00;12;-56.141218636616216;78.95060181686507;urn:ngsi-ld:EcoCounter:X2H22043033
2025-11-30 06:00:00;44;-26.814685990467414;113.08296310675466;urn:ngsi-ld:EcoCounter:X2H22043033
2025-11-30 07:00:00;81;11.736675643393939;149.36543322778044;urn:ngsi-ld:EcoCounter:X2H22043033
2025-11-30 08:00:00;109;41.43383690665403;183.04166160665554;urn:ngsi-ld:EcoCounter:X2H22043033
2025-11-30 09:00:00;123;54.561710665882984;195.05857030239426;urn:ngsi-ld:EcoCounter:X2H22043033
2025-11-30 10:00:00;121;51.716272353553656;192.22079928683033;urn:ngsi-ld:EcoCounter:X2H22043033
2025-11-30 11:00:00;109;42.04193948207674;178.507594308219;urn:ngsi-ld:EcoCounter:X2H22043033
2025-11-30 12:00:00;96;29.720799148116928;164.6950500871827;urn:ngsi-ld:EcoCounter:X2H22043033
2025-11-30 13:00:00;91;23.102943988872962;155.4058450519072;urn:ngsi-ld:EcoCounter:X2H22043033
2025-11-30 14:00:00;100;28.515487729854836;165.98588195708982;urn:ngsi-ld:EcoCounter:X2H22043033
2025-11-30 15:00:00;124;53.50519185196377;190.91161816847523;urn:ngsi-ld:EcoCounter:X2H22043033
2025-11-30 16:00:00;152;90.14038837462448;224.17811551962254;urn:ngsi-ld:EcoCounter:X2H22043033
2025-11-30 17:00:00;169;103.11614941500345;236.11356661806934;urn:ngsi-ld:EcoCounter:X2H22043033
2025-11-30 18:00:00;162;95.9513246962582;236.99138991558019;urn:ngsi-ld:EcoCounter:X2H22043033
2025-11-30 19:00:00;129;60.33676612317358;196.72054086803365;urn:ngsi-ld:EcoCounter:X2H22043033
2025-11-30 20:00:00;84;17.195332891687677;149.18581572441545;urn:ngsi-ld:EcoCounter:X2H22043033
2025-11-30 21:00:00;45;-24.41516074699339;113.92054087697404;urn:ngsi-ld:EcoCounter:X2H22043033
2025-11-30 22:00:00;25;-42.473340854786606;93.60874145363357;urn:ngsi-ld:EcoCounter:X2H22043033
2025-11-30 23:00:00;23;-46.18993989989652;94.70665093974327;urn:ngsi-ld:EcoCounter:X2H22043033
2025-12-01 00:00:00;28;-40.39341987974122;99.29855569822196;urn:ngsi-ld:EcoCounter:X2H22043033
2025-12-01 01:00:00;27;-37.35448956989954;103.11909925267801;urn:ngsi-ld:EcoCounter:X2H22043033
2025-12-01 02:00:00;16;-52.57682593860475;84.07980971174801;urn:ngsi-ld:EcoCounter:X2H22043033
2025-12-01 04:00:00;0;-23.31308619256092;13.829417887602244;urn:ngsi-ld:EcoCounter:X2H22043035
2025-12-01 05:00:00;3;-15.830246909761986;21.02496580975446;urn:ngsi-ld:EcoCounter:X2H22043035
2025-12-01 06:00:00;19;1.2302249845659843;37.57116016350686;urn:ngsi-ld:EcoCounter:X2H22043035
2025-12-01 07:00:00;34;16.30860288006289;53.87394806769469;urn:ngsi-ld:EcoCounter:X2H22043035
2025-12-01 08:00:00;43;24.786145802122476;61.39701008307731;urn:ngsi-ld:EcoCounter:X2H22043035
2025-12-01 09:00:00;42;21.752011287097076;61.556551629649114;urn:ngsi-ld:EcoCounter:X2H22043035
2025-12-01 10:00:00;35;16.30359006381072;54.491089702302375;urn:ngsi-ld:EcoCounter:X2H22043035
2025-12-01 11:00:00;28;8.526532054766474;45.708402331126365;urn:ngsi-ld:EcoCounter:X2H22043035
2025-12-01 12:00:00;24;5.350189225555746;44.43962279262196;urn:ngsi-ld:EcoCounter:X2H22043035
2025-12-01 13:00:00;24;4.520406805885441;42.84530151814323;urn:ngsi-ld:EcoCounter:X2H22043035
2025-12-01 14:00:00;26;7.213926013519697;44.78159401239811;urn:ngsi-ld:EcoCounter:X2H22043035
2025-12-01 15:00:00;29;12.000142356142769;47.958631184273855;urn:ngsi-ld:EcoCounter:X2H22043035
2025-12-01 16:00:00;34;14.5546524612466;52.966095225075186;urn:ngsi-ld:EcoCounter:X2H22043035
2025-12-01 17:00:00;40;21.694251493040284;58.52547438319503;urn:ngsi-ld:EcoCounter:X2H22043035
2025-12-01 18:00:00;43;23.401959728831145;62.740298157639636;urn:ngsi-ld:EcoCounter:X2H22043035
2025-12-01 19:00:00;40;20.95721579145697;58.79129206282703;urn:ngsi-ld:EcoCounter:X2H22043035
2025-12-01 20:00:00;30;10.020615778817618;49.177200556479264;urn:ngsi-ld:EcoCounter:X2H22043035
2025-12-01 21:00:00;18;-0.3679615789305123;37.72759604636525;urn:ngsi-ld:EcoCounter:X2H22043035
2025-12-01 22:00:00;10;-8.513176826352527;28.60691966114375;urn:ngsi-ld:EcoCounter:X2H22043035
2025-12-01 23:00:00;8;-11.184532945063893;27.594876995922967;urn:ngsi-ld:EcoCounter:X2H22043035
2025-12-02 00:00:00;11;-6.621706317111834;29.271203589233448;urn:ngsi-ld:EcoCounter:X2H22043035
2025-12-02 01:00:00;12;-6.674763437574539;31.824083308616974;urn:ngsi-ld:EcoCounter:X2H22043035
2025-12-02 02:00:00;8;-9.636525522741467;27.80357900773274;urn:ngsi-ld:EcoCounter:X2H22043035
2025-12-02 03:00:00;2;-17.140746684881915;21.61659355505782;urn:ngsi-ld:EcoCounter:X2H22043035
2025-12-01 02:00:00;0;-13.84280440225067;12.182997125132825;urn:ngsi-ld:EcoCounter:X2H22104766
2025-12-01 03:00:00;0;-15.576702012781487;9.059698132020646;urn:ngsi-ld:EcoCounter:X2H22104766
2025-12-01 04:00:00;0;-15.39752391819424;8.658257777584714;urn:ngsi-ld:EcoCounter:X2H22104766
2025-12-01 05:00:00;1;-10.53780466267936;13.774927828590044;urn:ngsi-ld:EcoCounter:X2H22104766
2025-12-01 06:00:00;10;-3.156744951725065;21.484757131214135;urn:ngsi-ld:EcoCounter:X2H22104766
2025-12-01 07:00:00;18;6.143226286017437;31.119654138328567;urn:ngsi-ld:EcoCounter:X2H22104766
2025-12-01 08:00:00;23;11.382687290894825;36.3357221893245;urn:ngsi-ld:EcoCounter:X2H22104766
2025-12-01 09:00:00;23;10.847304630970594;36.01866950616668;urn:ngsi-ld:EcoCounter:X2H22104766
2025-12-01 10:00:00;20;8.06720886405074;31.885180410627715;urn:ngsi-ld:EcoCounter:X2H22104766
2025-12-01 11:00:00;15;2.274942957263839;27.88924550140497;urn:ngsi-ld:EcoCounter:X2H22104766
2025-12-01 12:00:00;12;-0.47138949098767924;24.769815048845327;urn:ngsi-ld:EcoCounter:X2H22104766
2025-12-01 13:00:00;11;-0.710343924717436;24.24275676312423;urn:ngsi-ld:EcoCounter:X2H22104766
2025-12-01 14:00:00;13;1.2945743027384127;26.788759897676385;urn:ngsi-ld:EcoCounter:X2H22104766
2025-12-01 15:00:00;17;4.536848194943712;29.635782251663862;urn:ngsi-ld:EcoCounter:X2H22104766
2025-12-01 16:00:00;22;9.281274517823379;33.78466550214972;urn:ngsi-ld:EcoCounter:X2H22104766
2025-12-01 17:00:00;24;11.949239540348984;37.334606743147425;urn:ngsi-ld:EcoCounter:X2H22104766
2025-12-01 18:00:00;24;10.427568547343881;35.8165172052549;urn:ngsi-ld:EcoCounter:X2H22104766
2025-12-01 19:00:00;19;6.341827056034221;30.580448130585236;urn:ngsi-ld:EcoCounter:X2H22104766
2025-12-01 20:00:00;11;-1.351091903724442;22.88791546399499;urn:ngsi-ld:EcoCounter:X2H22104766
2025-12-01 21:00:00;4;-8.045881872715302;16.79909284593067;urn:ngsi-ld:EcoCounter:X2H22104766
2025-12-01 22:00:00;1;-11.253650629761566;13.109276672352834;urn:ngsi-ld:EcoCounter:X2H22104766
2025-12-01 23:00:00;1;-10.569163352989177;14.04892957961612;urn:ngsi-ld:EcoCounter:X2H22104766
2025-12-02 00:00:00;4;-8.566742124028922;16.63926490041577;urn:ngsi-ld:EcoCounter:X2H22104766
2025-12-02 01:00:00;4;-7.855418600301395;17.00766410572798;urn:ngsi-ld:EcoCounter:X2H22104766
2025-12-01 03:00:00;0;-10.406125331713051;7.868637380450598;urn:ngsi-ld:EcoCounter:X2H22104771
2025-12-01 04:00:00;0;-11.927140007547747;6.031458320901726;urn:ngsi-ld:EcoCounter:X2H22104771
2025-12-01 05:00:00;0;-9.132419187749305;9.24653361907326;urn:ngsi-ld:EcoCounter:X2H22104771
2025-12-01 06:00:00;7;-1.349949421635036;15.988015646682088;urn:ngsi-ld:EcoCounter:X2H22104771
2025-12-01 07:00:00;16;6.841307775381624;23.974804038875586;urn:ngsi-ld:EcoCounter:X2H22104771
2025-12-01 08:00:00;20;11.497281734899541;29.246290290922104;urn:ngsi-ld:EcoCounter:X2H22104771
2025-12-01 09:00:00;18;9.62364457034165;26.55669970851277;urn:ngsi-ld:EcoCounter:X2H22104771
2025-12-01 10:00:00;13;3.2148977370135703;21.68682758289951;urn:ngsi-ld:EcoCounter:X2H22104771
2025-12-01 11:00:00;7;-1.6489184374109307;16.33446078889124;urn:ngsi-ld:EcoCounter:X2H22104771
2025-12-01 12:00:00;5;-3.7002487401532838;13.954954820868615;urn:ngsi-ld:EcoCounter:X2H22104771
2025-12-01 13:00:00;6;-2.452018925699237;14.541793630837986;urn:ngsi-ld:EcoCounter:X2H22104771
2025-12-01 14:00:00;8;-1.5420845035846922;16.548787362176483;urn:ngsi-ld:EcoCounter:X2H22104771
2025-12-01 15:00:00;8;-0.447875103437817;16.820929327684595;urn:ngsi-ld:EcoCounter:X2H22104771
2025-12-01 16:00:00;8;-0.8135146341509387;16.71368637427105;urn:ngsi-ld:EcoCounter:X2H22104771
2025-12-01 17:00:00;7;-1.0232979592104305;16.48915124203071;urn:ngsi-ld:EcoCounter:X2H22104771
2025-12-01 18:00:00;8;-0.6636954746360714;16.81954958862415;urn:ngsi-ld:EcoCounter:X2H22104771
2025-12-01 19:00:00;8;-1.0046853974431873;16.987607038981633;urn:ngsi-ld:EcoCounter:X2H22104771
2025-12-01 20:00:00;7;-2.9038463988275085;14.993604604550338;urn:ngsi-ld:EcoCounter:X2H22104771
2025-12-01 21:00:00;3;-6.2204530450476225;11.882729652396714;urn:ngsi-ld:EcoCounter:X2H22104771
2025-12-01 22:00:00;1;-7.431200835502176;9.320593075909706;urn:ngsi-ld:EcoCounter:X2H22104771
2025-12-01 23:00:00;0;-8.222204105235209;9.579829999202843;urn:ngsi-ld:EcoCounter:X2H22104771
2025-12-02 00:00:00;2;-7.179621790673224;10.935107824910776;urn:ngsi-ld:EcoCounter:X2H22104771
2025-12-02 01:00:00;4;-4.259218321492937;12.771431656821633;urn:ngsi-ld:EcoCounter:X2H22104771
2025-12-02 02:00:00;3;-5.892216169390788;11.957801671253653;urn:ngsi-ld:EcoCounter:X2H22104771
2025-08-04 03:00:00;410;361.80555213846554;453.9871125593932;urn:ngsi-ld:EcoCounter:X2H22104772
2025-08-04 04:00:00;415;367.39063483393863;460.0881336875179;urn:ngsi-ld:EcoCounter:X2H22104772
2025-08-04 05:00:00;427;382.0898270922312;473.74255009553855;urn:ngsi-ld:EcoCounter:X2H22104772
2025-08-04 06:00:00;444;403.4040414840599;490.5225557345277;urn:ngsi-ld:EcoCounter:X2H22104772
2025-08-04 07:00:00;461;414.93446143115347;504.6724580689504;urn:ngsi-ld:EcoCounter:X2H22104772
2025-08-04 08:00:00;473;424.12911890115964;519.0949689375788;urn:ngsi-ld:EcoCounter:X2H22104772
2025-08-04 09:00:00;479;435.9186040009893;521.4786055502364;urn:ngsi-ld:EcoCounter:X2H22104772
2025-08-04 10:00:00;480;432.7476781270314;526.6064576305426;urn:ngsi-ld:EcoCounter:X2H22104772
2025-08-04 11:00:00;479;431.7608004943022;525.0493899562174;urn:ngsi-ld:EcoCounter:X2H22104772
2025-08-04 12:00:00;478;432.1353162838136;524.5779956319333;urn:ngsi-ld:EcoCounter:X2H22104772
2025-08-04 13:00:00;480;433.70730957300935;524.2055703816302;urn:ngsi-ld:EcoCounter:X2H22104772
2025-08-04 14:00:00;486;441.47316839184333;536.1017816804662;urn:ngsi-ld:EcoCounter:X2H22104772
2025-08-04 15:00:00;500;452.22457965667894;543.9887285934319;urn:ngsi-ld:EcoCounter:X2H22104772
2025-08-04 16:00:00;519;472.1445746361767;566.3012869118064;urn:ngsi-ld:EcoCounter:X2H22104772
2025-08-04 17:00:00;535;488.5286411173297;581.7320274573005;urn:ngsi-ld:EcoCounter:X2H22104772
2025-08-04 18:00:00;543;493.32658448097783;590.2481946923407;urn:ngsi-ld:EcoCounter:X2H22104772
2025-08-04 19:00:00;539;492.6114484690437;584.4928679186468;urn:ngsi-ld:EcoCounter:X2H22104772
2025-08-04 20:00:00;529;482.3332926517434;573.2664891180515;urn:ngsi-ld:EcoCounter:X2H22104772
2025-08-04 21:00:00;522;475.5979272195258;567.9679186356045;urn:ngsi-ld:EcoCounter:X2H22104772
2025-08-04 22:00:00;522;476.95281178779305;565.9494267752634;urn:ngsi-ld:EcoCounter:X2H22104772
2025-08-04 23:00:00;532;485.40400879441023;579.1778113520003;urn:ngsi-ld:EcoCounter:X2H22104772
2025-08-05 00:00:00;543;494.58591702374946;587.0170177824432;urn:ngsi-ld:EcoCounter:X2H22104772
2025-08-05 01:00:00;551;503.9316883832477;594.9461460807491;urn:ngsi-ld:EcoCounter:X2H22104772
2025-08-05 02:00:00;553;508.24195936782064;598.1422033637386;urn:ngsi-ld:EcoCounter:X2H22104772
2025-12-01 04:00:00;0;-18.0615270134109;7.725916060670427;urn:ngsi-ld:EcoCounter:X2H22104775
2025-12-01 05:00:00;0;-13.111975480103922;12.426535514024883;urn:ngsi-ld:EcoCounter:X2H22104775
2025-12-01 06:00:00;9;-4.161862690329092;22.41094899318851;urn:ngsi-ld:EcoCounter:X2H22104775
2025-12-01 07:00:00;19;5.812381038891888;30.549800212576883;urn:ngsi-ld:EcoCounter:X2H22104775
2025-12-01 08:00:00;24;11.951874717408508;37.12915624941338;urn:ngsi-ld:EcoCounter:X2H22104775
2025-12-01 09:00:00;23;10.114361223862009;37.302945837728664;urn:ngsi-ld:EcoCounter:X2H22104775
2025-12-01 10:00:00;18;5.343570763945588;30.83607798727953;urn:ngsi-ld:EcoCounter:X2H22104775
2025-12-01 11:00:00;13;0.46456570867404473;25.30820734383805;urn:ngsi-ld:EcoCounter:X2H22104775
2025-12-01 12:00:00;11;-0.8787751373588876;25.18364620658485;urn:ngsi-ld:EcoCounter:X2H22104775
2025-12-01 13:00:00;12;0.22097144294315602;24.931824995849027;urn:ngsi-ld:EcoCounter:X2H22104775
2025-12-01 14:00:00;15;1.6097531816345847;28.655556871742764;urn:ngsi-ld:EcoCounter:X2H22104775
2025-12-01 15:00:00;17;4.263723813003589;30.50538276942661;urn:ngsi-ld:EcoCounter:X2H22104775
2025-12-01 16:00:00;19;6.856569864309492;31.779937639369596;urn:ngsi-ld:EcoCounter:X2H22104775
2025-12-01 17:00:00;20;8.548236255390945;34.288451472677174;urn:ngsi-ld:EcoCounter:X2H22104775
2025-12-01 18:00:00;21;9.212193132108762;33.97966628350508;urn:ngsi-ld:EcoCounter:X2H22104775
2025-12-01 19:00:00;19;5.985867341311423;31.613910495710176;urn:ngsi-ld:EcoCounter:X2H22104775
2025-12-01 20:00:00;15;1.5110240347797512;26.82970195700999;urn:ngsi-ld:EcoCounter:X2H22104775
2025-12-01 21:00:00;9;-4.660238026825619;20.940344071558176;urn:ngsi-ld:EcoCounter:X2H22104775
2025-12-01 22:00:00;4;-8.494304767869917;16.979141388847445;urn:ngsi-ld:EcoCounter:X2H22104775
2025-12-01 23:00:00;3;-8.956924641646896;16.428328409685264;urn:ngsi-ld:EcoCounter:X2H22104775
2025-12-02 00:00:00;5;-7.625254823134562;16.973220474501314;urn:ngsi-ld:EcoCounter:X2H22104775
2025-12-02 01:00:00;6;-6.883244390442935;19.009070379821445;urn:ngsi-ld:EcoCounter:X2H22104775
2025-12-02 02:00:00;4;-8.654879606919934;16.887051205654018;urn:ngsi-ld:EcoCounter:X2H22104775
2025-12-02 03:00:00;0;-12.894705922387697;12.218203803062478;urn:ngsi-ld:EcoCounter:X2H22104775
2025-12-01 04:00:00;0;-171.16387140104982;23.89035216754714;urn:ngsi-ld:EcoCounter:X2H22104777
2025-12-01 05:00:00;0;-135.3770087391339;43.880971371517944;urn:ngsi-ld:EcoCounter:X2H22104777
2025-12-01 06:00:00;3;-91.07977871585938;92.89283610551128;urn:ngsi-ld:EcoCounter:X2H22104777
2025-12-01 07:00:00;52;-46.443398914189956;145.02856945411673;urn:ngsi-ld:EcoCounter:X2H22104777
2025-12-01 08:00:00;78;-7.897160830556479;180.35957798149184;urn:ngsi-ld:EcoCounter:X2H22104777
2025-12-01 09:00:00;73;-15.471958087217152;168.408702402813;urn:ngsi-ld:EcoCounter:X2H22104777
2025-12-01 10:00:00;48;-52.059044891132736;140.74681539892188;urn:ngsi-ld:EcoCounter:X2H22104777
2025-12-01 11:00:00;20;-79.55277573494016;106.00069542279755;urn:ngsi-ld:EcoCounter:X2H22104777
2025-12-01 12:00:00;3;-94.7440725114659;93.95171673307699;urn:ngsi-ld:EcoCounter:X2H22104777
2025-12-01 13:00:00;1;-94.66702733720177;89.62870486548732;urn:ngsi-ld:EcoCounter:X2H22104777
2025-12-01 14:00:00;15;-78.37969479450999;106.68150067197942;urn:ngsi-ld:EcoCounter:X2H22104777
2025-12-01 15:00:00;41;-54.446253108121596;128.01601041518424;urn:ngsi-ld:EcoCounter:X2H22104777
2025-12-01 16:00:00;72;-14.957373276138616;165.24502721120248;urn:ngsi-ld:EcoCounter:X2H22104777
2025-12-01 17:00:00;97;-4.895647430420481;192.05208877603363;urn:ngsi-ld:EcoCounter:X2H22104777
2025-12-01 18:00:00;101;6.551583417258109;192.18554727949348;urn:ngsi-ld:EcoCounter:X2H22104777
2025-12-01 19:00:00;78;-18.380234708156227;174.8557522749986;urn:ngsi-ld:EcoCounter:X2H22104777
2025-12-01 20:00:00;35;-60.476957909441886;128.91091378976597;urn:ngsi-ld:EcoCounter:X2H22104777
2025-12-01 21:00:00;0;-99.37420525135512;89.8072392987044;urn:ngsi-ld:EcoCounter:X2H22104777
2025-12-01 22:00:00;0;-122.49848881685142;56.888930834408356;urn:ngsi-ld:EcoCounter:X2H22104777
2025-12-01 23:00:00;0;-133.5305333862352;66.91692223929624;urn:ngsi-ld:EcoCounter:X2H22104777
2025-12-02 00:00:00;0;-108.82852042660711;74.78121507198725;urn:ngsi-ld:EcoCounter:X2H22104777
2025-12-02 01:00:00;0;-105.87135328272308;79.75012900117277;urn:ngsi-ld:EcoCounter:X2H22104777
2025-12-02 02:00:00;0;-125.74517596420931;65.77237245643678;urn:ngsi-ld:EcoCounter:X2H22104777
2025-12-02 03:00:00;0;-142.9527574815255;50.20507403237976;urn:ngsi-ld:EcoCounter:X2H22104777
2025-12-01 05:00:00;0;-116.2438894896766;105.17082787172421;urn:ngsi-ld:EcoCounter:XTH19101158
2025-12-01 06:00:00;53;-53.60293930798465;161.2540469942629;urn:ngsi-ld:EcoCounter:XTH19101158
2025-12-01 07:00:00;111;1.8572180478285443;216.73101383850454;urn:ngsi-ld:EcoCounter:XTH19101158
2025-12-01 08:00:00;146;43.77957401272836;251.392225838603;urn:ngsi-ld:EcoCounter:XTH19101158
2025-12-01 09:00:00;147;44.601498641502786;256.9038056011176;urn:ngsi-ld:EcoCounter:XTH19101158
2025-12-01 10:00:00;125;18.898513877472464;236.6979533298362;urn:ngsi-ld:EcoCounter:XTH19101158
2025-12-01 11:00:00;97;-12.075446700561974;198.77573719016286;urn:ngsi-ld:EcoCounter:XTH19101158
2025-12-01 12:00:00;80;-28.763971393037803;187.49140773835853;urn:ngsi-ld:EcoCounter:XTH19101158
2025-12-01 13:00:00;80;-30.979422945508293;186.2259697303852;urn:ngsi-ld:EcoCounter:XTH19101158
2025-12-01 14:00:00;95;-15.521468287197727;206.25734538200655;urn:ngsi-ld:EcoCounter:XTH19101158
2025-12-01 15:00:00;123;19.142979306520886;226.94383693924172;urn:ngsi-ld:EcoCounter:XTH19101158
2025-12-01 16:00:00;160;46.71954710101462;263.839976306868;urn:ngsi-ld:EcoCounter:XTH19101158
2025-12-01 17:00:00;191;75.33883910415474;297.4341864926631;urn:ngsi-ld:EcoCounter:XTH19101158
2025-12-01 18:00:00;201;97.67093252605419;310.1638571725659;urn:ngsi-ld:EcoCounter:XTH19101158
2025-12-01 19:00:00;179;68.30777241496305;283.68128156185236;urn:ngsi-ld:EcoCounter:XTH19101158
2025-12-01 20:00:00;129;14.144609983005589;234.50655776266152;urn:ngsi-ld:EcoCounter:XTH19101158
2025-12-01 21:00:00;75;-31.875145560161698;181.8315330383047;urn:ngsi-ld:EcoCounter:XTH19101158
2025-12-01 22:00:00;40;-66.60286743356897;142.96200084358054;urn:ngsi-ld:EcoCounter:XTH19101158
2025-12-01 23:00:00;34;-70.0056827520118;136.5502663776168;urn:ngsi-ld:EcoCounter:XTH19101158
2025-12-02 00:00:00;43;-52.147803092879656;151.92208036394823;urn:ngsi-ld:EcoCounter:XTH19101158
2025-12-02 01:00:00;45;-64.39559632783256;145.88268346545254;urn:ngsi-ld:EcoCounter:XTH19101158
2025-12-02 02:00:00;28;-79.02515064547941;132.30263063503094;urn:ngsi-ld:EcoCounter:XTH19101158
2025-12-02 03:00:00;4;-101.04355093001985;112.9665590629512;urn:ngsi-ld:EcoCounter:XTH19101158
2025-12-02 04:00:00;0;-105.25800698101793;106.58601154643293;urn:ngsi-ld:EcoCounter:XTH19101158
