lat;lon;temperature_2m;wind_speed_10m;precipitation;is_holiday;hour;day_of_week;month;is_weekend;hour_sin;hour_cos;month_sin;month_cos;dow_sin;dow_cos;lag_24h;lag_48h;lag_1week;rolling_mean_4d;counter_id_encoded;predicted_intensity;date
43.6;3.8;15.0;10.0;0.0;0;5;0;12;0;0.9659258262890683;0.25881904510252074;-2.4492935982947064e-16;1.0;0.0;1.0;0.0;0.0;3.0;0.0;0;3;2025-12-01
43.6;3.8;15.0;10.0;0.0;0;5;0;12;0;0.9659258262890683;0.25881904510252074;-2.4492935982947064e-16;1.0;0.0;1.0;0.0;0.0;1.0;0.0;12;1;2025-12-01
43.6;3.8;15.0;10.0;0.0;0;5;0;12;0;0.9659258262890683;0.25881904510252074;-2.4492935982947064e-16;1.0;0.0;1.0;9.0;9.0;10.0;9.0;17;8;2025-12-01
43.6;3.8;15.0;10.0;0.0;0;5;0;12;0;0.9659258262890683;0.25881904510252074;-2.4492935982947064e-16;1.0;0.0;1.0;2.0;2.0;4.0;2.0;11;4;2025-12-01
43.6;3.8;15.0;10.0;0.0;0;5;0;12;0;0.9659258262890683;0.25881904510252074;-2.4492935982947064e-16;1.0;0.0;1.0;0.0;0.0;1.0;0.0;13;1;2025-12-01
43.6;3.8;15.0;10.0;0.0;0;5;0;12;0;0.9659258262890683;0.25881904510252074;-2.4492935982947064e-16;1.0;0.0;1.0;0.0;0.0;0.0;0.0;16;0;2025-12-01
43.6;3.8;15.0;10.0;0.0;0;5;0;12;0;0.9659258262890683;0.25881904510252074;-2.4492935982947064e-16;1.0;0.0;1.0;16.32531418312388;16.32531418312388;16.32531418312388;16.32531418312388;14;24;2025-12-01
43.6;3.8;15.0;10.0;0.0;0;5;0;12;0;0.9659258262890683;0.25881904510252074;-2.4492935982947064e-16;1.0;0.0;1.0;3.853804347826087;3.853804347826087;3.853804347826087;3.853804347826087;2;5;2025-12-01
43.6;3.8;15.0;10.0;0.0;0;5;0;12;0;0.9659258262890683;0.25881904510252074;-2.4492935982947064e-16;1.0;0.0;1.0;2.0;2.0;2.0;2.0;15;2;2025-12-01
43.6;3.8;15.0;10.0;0.0;0;5;0;12;0;0.9659258262890683;0.25881904510252074;-2.4492935982947064e-16;1.0;0.0;1.0;30.645238095238096;30.645238095238096;30.645238095238096;30.645238095238096;3;43;2025-12-01
43.6;3.8;15.0;10.0;0.0;0;5;0;12;0;0.9659258262890683;0.25881904510252074;-2.4492935982947064e-16;1.0;0.0;1.0;31.20111092958667;31.20111092958667;31.20111092958667;31.20111092958667;6;58;2025-12-01
43.6;3.8;15.0;10.0;0.0;0;5;0;12;0;0.9659258262890683;0.25881904510252074;-2.4492935982947064e-16;1.0;0.0;1.0;0.0;0.0;0.0;0.0;5;1;2025-12-01
43.6;3.8;15.0;10.0;0.0;0;5;0;12;0;0.9659258262890683;0.25881904510252074;-2.4492935982947064e-16;1.0;0.0;1.0;0.0;0.0;4.0;0.0;9;2;2025-12-01
43.6;3.8;15.0;10.0;0.0;0;5;0;12;0;0.9659258262890683;0.25881904510252074;-2.4492935982947064e-16;1.0;0.0;1.0;73.56842729970326;73.56842729970326;2.0;73.56842729970326;10;60;2025-12-01
43.6;3.8;15.0;10.0;0.0;0;5;0;12;0;0.9659258262890683;0.25881904510252074;-2.4492935982947064e-16;1.0;0.0;1.0;0.0;0.0;3.0;0.0;1;2;2025-12-01
43.6;3.8;15.0;10.0;0.0;0;5;0;12;0;0.9659258262890683;0.25881904510252074;-2.4492935982947064e-16;1.0;0.0;1.0;3.0;3.0;14.0;3.0;7;10;2025-12-01
43.6;3.8;15.0;10.0;0.0;0;5;0;12;0;0.9659258262890683;0.25881904510252074;-2.4492935982947064e-16;1.0;0.0;1.0;21.247144340602283;21.247144340602283;21.247144340602283;21.247144340602283;8;29;2025-12-01
43.6;3.8;15.0;10.0;0.0;0;5;0;12;0;0.9659258262890683;0.25881904510252074;-2.4492935982947064e-16;1.0;0.0;1.0;0.0;0.0;0.0;0.0;4;1;2025-12-01
43.6;3.8;15.0;10.0;0.0;0;6;0;12;0;1.0;6.123233995736766e-17;-2.4492935982947064e-16;1.0;0.0;1.0;3.0;3.0;9.0;3.0;0;10;2025-12-01
43.6;3.8;15.0;10.0;0.0;0;6;0;12;0;1.0;6.123233995736766e-17;-2.4492935982947064e-16;1.0;0.0;1.0;4.0;4.0;6.0;4.0;12;8;2025-12-01
43.6;3.8;15.0;10.0;0.0;0;6;0;12;0;1.0;6.123233995736766e-17;-2.4492935982947064e-16;1.0;0.0;1.0;5.0;5.0;15.0;5.0;17;11;2025-12-01
43.6;3.8;15.0;10.0;0.0;0;6;0;12;0;1.0;6.123233995736766e-17;-2.4492935982947064e-16;1.0;0.0;1.0;3.0;3.0;7.0;3.0;11;8;2025-12-01
43.6;3.8;15.0;10.0;0.0;0;6;0;12;0;1.0;6.123233995736766e-17;-2.4492935982947064e-16;1.0;0.0;1.0;1.0;1.0;2.0;1.0;13;3;2025-12-01
43.6;3.8;15.0;10.0;0.0;0;6;0;12;0;1.0;6.123233995736766e-17;-2.4492935982947064e-16;1.0;0.0;1.0;0.0;0.0;0.0;0.0;16;0;2025-12-01
43.6;3.8;15.0;10.0;0.0;0;6;0;12;0;1.0;6.123233995736766e-17;-2.4492935982947064e-16;1.0;0.0;1.0;16.32531418312388;16.32531418312388;16.32531418312388;16.32531418312388;14;25;2025-12-01
43.6;3.8;15.0;10.0;0.0;0;6;0;12;0;1.0;6.123233995736766e-17;-2.4492935982947064e-16;1.0;0.0;1.0;3.853804347826087;3.853804347826087;3.853804347826087;3.853804347826087;2;5;2025-12-01
43.6;3.8;15.0;10.0;0.0;0;6;0;12;0;1.0;6.123233995736766e-17;-2.4492935982947064e-16;1.0;0.0;1.0;0.0;0.0;3.0;0.0;15;2;2025-12-01
43.6;3.8;15.0;10.0;0.0;0;6;0;12;0;1.0;6.123233995736766e-17;-2.4492935982947064e-16;1.0;0.0;1.0;30.645238095238096;30.645238095238096;30.645238095238096;30.645238095238096;3;45;2025-12-01
43.6;3.8;15.0;10.0;0.0;0;6;0;12;0;1.0;6.123233995736766e-17;-2.4492935982947064e-16;1.0;0.0;1.0;31.20111092958667;31.20111092958667;31.20111092958667;31.20111092958667;6;62;2025-12-01
43.6;3.8;15.0;10.0;0.0;0;6;0;12;0;1.0;6.123233995736766e-17;-2.4492935982947064e-16;1.0;0.0;1.0;0.0;0.0;5.0;0.0;5;3;2025-12-01
43.6;3.8;15.0;10.0;0.0;0;6;0;12;0;1.0;6.123233995736766e-17;-2.4492935982947064e-16;1.0;0.0;1.0;1.0;1.0;4.0;1.0;9;5;2025-12-01
43.6;3.8;15.0;10.0;0.0;0;6;0;12;0;1.0;6.123233995736766e-17;-2.4492935982947064e-16;1.0;0.0;1.0;73.56842729970326;73.56842729970326;7.0;73.56842729970326;10;61;2025-12-01
43.6;3.8;15.0;10.0;0.0;0;6;0;12;0;1.0;6.123233995736766e-17;-2.4492935982947064e-16;1.0;0.0;1.0;4.0;4.0;5.0;4.0;1;8;2025-12-01
43.6;3.8;15.0;10.0;0.0;0;6;0;12;0;1.0;6.123233995736766e-17;-2.4492935982947064e-16;1.0;0.0;1.0;16.0;16.0;68.0;16.0;7;50;2025-12-01
43.6;3.8;15.0;10.0;0.0;0;6;0;12;0;1.0;6.123233995736766e-17;-2.4492935982947064e-16;1.0;0.0;1.0;21.247144340602283;21.247144340602283;21.247144340602283;21.247144340602283;8;32;2025-12-01
43.6;3.8;15.0;10.0;0.0;0;6;0;12;0;1.0;6.123233995736766e-17;-2.4492935982947064e-16;1.0;0.0;1.0;0.0;0.0;0.0;0.0;4;1;2025-12-01
43.6;3.8;15.0;10.0;0.0;0;7;0;12;0;0.9659258262890683;-0.25881904510252063;-2.4492935982947064e-16;1.0;0.0;1.0;4.0;4.0;65.0;4.0;0;77;2025-12-01
43.6;3.8;15.0;10.0;0.0;0;7;0;12;0;0.9659258262890683;-0.25881904510252063;-2.4492935982947064e-16;1.0;0.0;1.0;0.0;0.0;17.0;0.0;12;15;2025-12-01
43.6;3.8;15.0;10.0;0.0;0;7;0;12;0;0.9659258262890683;-0.25881904510252063;-2.4492935982947064e-16;1.0;0.0;1.0;12.0;12.0;140.0;12.0;17;128;2025-12-01
43.6;3.8;15.0;10.0;0.0;0;7;0;12;0;0.9659258262890683;-0.25881904510252063;-2.4492935982947064e-16;1.0;0.0;1.0;3.0;3.0;39.0;3.0;11;40;2025-12-01
43.6;3.8;15.0;10.0;0.0;0;7;0;12;0;0.9659258262890683;-0.25881904510252063;-2.4492935982947064e-16;1.0;0.0;1.0;3.0;3.0;15.0;3.0;13;32;2025-12-01
43.6;3.8;15.0;10.0;0.0;0;7;0;12;0;0.9659258262890683;-0.25881904510252063;-2.4492935982947064e-16;1.0;0.0;1.0;0.0;0.0;0.0;0.0;16;24;2025-12-01
43.6;3.8;15.0;10.0;0.0;0;7;0;12;0;0.9659258262890683;-0.25881904510252063;-2.4492935982947064e-16;1.0;0.0;1.0;16.32531418312388;16.32531418312388;16.32531418312388;16.32531418312388;14;48;2025-12-01
43.6;3.8;15.0;10.0;0.0;0;7;0;12;0;0.9659258262890683;-0.25881904510252063;-2.4492935982947064e-16;1.0;0.0;1.0;3.853804347826087;3.853804347826087;3.853804347826087;3.853804347826087;2;29;2025-12-01
43.6;3.8;15.0;10.0;0.0;0;7;0;12;0;0.9659258262890683;-0.25881904510252063;-2.4492935982947064e-16;1.0;0.0;1.0;4.0;4.0;9.0;4.0;15;30;2025-12-01
43.6;3.8;15.0;10.0;0.0;0;7;0;12;0;0.9659258262890683;-0.25881904510252063;-2.4492935982947064e-16;1.0;0.0;1.0;30.645238095238096;30.645238095238096;30.645238095238096;30.645238095238096;3;71;2025-12-01
43.6;3.8;15.0;10.0;0.0;0;7;0;12;0;0.9659258262890683;-0.25881904510252063;-2.4492935982947064e-16;1.0;0.0;1.0;31.20111092958667;31.20111092958667;31.20111092958667;31.20111092958667;6;90;2025-12-01
43.6;3.8;15.0;10.0;0.0;0;7;0;12;0;0.9659258262890683;-0.25881904510252063;-2.4492935982947064e-16;1.0;0.0;1.0;1.0;1.0;20.0;1.0;5;26;2025-12-01
43.6;3.8;15.0;10.0;0.0;0;7;0;12;0;0.9659258262890683;-0.25881904510252063;-2.4492935982947064e-16;1.0;0.0;1.0;5.0;5.0;57.0;5.0;9;47;2025-12-01
43.6;3.8;15.0;10.0;0.0;0;7;0;12;0;0.9659258262890683;-0.25881904510252063;-2.4492935982947064e-16;1.0;0.0;1.0;73.56842729970326;73.56842729970326;60.0;73.56842729970326;10;99;2025-12-01
43.6;3.8;15.0;10.0;0.0;0;7;0;12;0;0.9659258262890683;-0.25881904510252063;-2.4492935982947064e-16;1.0;0.0;1.0;5.0;5.0;29.0;5.0;1;42;2025-12-01
43.6;3.8;15.0;10.0;0.0;0;7;0;12;0;0.9659258262890683;-0.25881904510252063;-2.4492935982947064e-16;1.0;0.0;1.0;7.0;7.0;136.0;7.0;7;104;2025-12-01
43.6;3.8;15.0;10.0;0.0;0;7;0;12;0;0.9659258262890683;-0.25881904510252063;-2.4492935982947064e-16;1.0;0.0;1.0;21.247144340602283;21.247144340602283;21.247144340602283;21.247144340602283;8;58;2025-12-01
43.6;3.8;15.0;10.0;0.0;0;7;0;12;0;0.9659258262890683;-0.25881904510252063;-2.4492935982947064e-16;1.0;0.0;1.0;0.0;0.0;0.0;0.0;4;14;2025-12-01
43.6;3.8;15.0;10.0;0.0;0;8;0;12;0;0.8660254037844387;-0.4999999999999998;-2.4492935982947064e-16;1.0;0.0;1.0;17.0;17.0;202.0;17.0;0;184;2025-12-01
43.6;3.8;15.0;10.0;0.0;0;8;0;12;0;0.8660254037844387;-0.4999999999999998;-2.4492935982947064e-16;1.0;0.0;1.0;8.0;8.0;52.0;8.0;12;84;2025-12-01
43.6;3.8;15.0;10.0;0.0;0;8;0;12;0;0.8660254037844387;-0.4999999999999998;-2.4492935982947064e-16;1.0;0.0;1.0;47.0;47.0;363.0;47.0;17;313;2025-12-01
43.6;3.8;15.0;10.0;0.0;0;8;0;12;0;0.8660254037844387;-0.4999999999999998;-2.4492935982947064e-16;1.0;0.0;1.0;11.0;11.0;102.0;11.0;11;117;2025-12-01
43.6;3.8;15.0;10.0;0.0;0;8;0;12;0;0.8660254037844387;-0.4999999999999998;-2.4492935982947064e-16;1.0;0.0;1.0;0.0;0.0;51.0;0.0;13;9;2025-12-01
43.6;3.8;15.0;10.0;0.0;0;8;0;12;0;0.8660254037844387;-0.4999999999999998;-2.4492935982947064e-16;1.0;0.0;1.0;0.0;0.0;0.0;0.0;16;75;2025-12-01
43.6;3.8;15.0;10.0;0.0;0;8;0;12;0;0.8660254037844387;-0.4999999999999998;-2.4492935982947064e-16;1.0;0.0;1.0;16.32531418312388;16.32531418312388;16.32531418312388;16.32531418312388;14;98;2025-12-01
43.6;3.8;15.0;10.0;0.0;0;8;0;12;0;0.8660254037844387;-0.4999999999999998;-2.4492935982947064e-16;1.0;0.0;1.0;3.853804347826087;3.853804347826087;3.853804347826087;3.853804347826087;2;46;2025-12-01
43.6;3.8;15.0;10.0;0.0;0;8;0;12;0;0.8660254037844387;-0.4999999999999998;-2.4492935982947064e-16;1.0;0.0;1.0;2.0;2.0;50.0;2.0;15;60;2025-12-01
43.6;3.8;15.0;10.0;0.0;0;8;0;12;0;0.8660254037844387;-0.4999999999999998;-2.4492935982947064e-16;1.0;0.0;1.0;30.645238095238096;30.645238095238096;30.645238095238096;30.645238095238096;3;124;2025-12-01
43.6;3.8;15.0;10.0;0.0;0;8;0;12;0;0.8660254037844387;-0.4999999999999998;-2.4492935982947064e-16;1.0;0.0;1.0;31.20111092958667;31.20111092958667;31.20111092958667;31.20111092958667;6;143;2025-12-01
43.6;3.8;15.0;10.0;0.0;0;8;0;12;0;0.8660254037844387;-0.4999999999999998;-2.4492935982947064e-16;1.0;0.0;1.0;2.0;2.0;33.0;2.0;5;54;2025-12-01
43.6;3.8;15.0;10.0;0.0;0;8;0;12;0;0.8660254037844387;-0.4999999999999998;-2.4492935982947064e-16;1.0;0.0;1.0;8.0;8.0;116.0;8.0;9;124;2025-12-01
43.6;3.8;15.0;10.0;0.0;0;8;0;12;0;0.8660254037844387;-0.4999999999999998;-2.4492935982947064e-16;1.0;0.0;1.0;73.56842729970326;73.56842729970326;209.0;73.56842729970326;10;228;2025-12-01
43.6;3.8;15.0;10.0;0.0;0;8;0;12;0;0.8660254037844387;-0.4999999999999998;-2.4492935982947064e-16;1.0;0.0;1.0;10.0;10.0;101.0;10.0;1;121;2025-12-01
43.6;3.8;15.0;10.0;0.0;0;8;0;12;0;0.8660254037844387;-0.4999999999999998;-2.4492935982947064e-16;1.0;0.0;1.0;31.0;31.0;251.0;31.0;7;246;2025-12-01
43.6;3.8;15.0;10.0;0.0;0;8;0;12;0;0.8660254037844387;-0.4999999999999998;-2.4492935982947064e-16;1.0;0.0;1.0;21.247144340602283;21.247144340602283;21.247144340602283;21.247144340602283;8;104;2025-12-01
43.6;3.8;15.0;10.0;0.0;0;8;0;12;0;0.8660254037844387;-0.4999999999999998;-2.4492935982947064e-16;1.0;0.0;1.0;0.0;0.0;0.0;0.0;4;31;2025-12-01
43.6;3.8;15.0;10.0;0.0;0;9;0;12;0;0.7071067811865476;-0.7071067811865475;-2.4492935982947064e-16;1.0;0.0;1.0;44.0;44.0;107.0;44.0;0;88;2025-12-01
43.6;3.8;15.0;10.0;0.0;0;9;0;12;0;0.7071067811865476;-0.7071067811865475;-2.4492935982947064e-16;1.0;0.0;1.0;9.0;9.0;19.0;9.0;12;24;2025-12-01
43.6;3.8;15.0;10.0;0.0;0;9;0;12;0;0.7071067811865476;-0.7071067811865475;-2.4492935982947064e-16;1.0;0.0;1.0;52.0;52.0;169.0;52.0;17;140;2025-12-01
43.6;3.8;15.0;10.0;0.0;0;9;0;12;0;0.7071067811865476;-0.7071067811865475;-2.4492935982947064e-16;1.0;0.0;1.0;11.0;11.0;50.0;11.0;11;37;2025-12-01
43.6;3.8;15.0;10.0;0.0;0;9;0;12;0;0.7071067811865476;-0.7071067811865475;-2.4492935982947064e-16;1.0;0.0;1.0;3.0;3.0;18.0;3.0;13;22;2025-12-01
43.6;3.8;15.0;10.0;0.0;0;9;0;12;0;0.7071067811865476;-0.7071067811865475;-2.4492935982947064e-16;1.0;0.0;1.0;0.0;0.0;0.0;0.0;16;15;2025-12-01
43.6;3.8;15.0;10.0;0.0;0;9;0;12;0;0.7071067811865476;-0.7071067811865475;-2.4492935982947064e-16;1.0;0.0;1.0;16.32531418312388;16.32531418312388;16.32531418312388;16.32531418312388;14;29;2025-12-01
43.6;3.8;15.0;10.0;0.0;0;9;0;12;0;0.7071067811865476;-0.7071067811865475;-2.4492935982947064e-16;1.0;0.0;1.0;3.853804347826087;3.853804347826087;3.853804347826087;3.853804347826087;2;17;2025-12-01
43.6;3.8;15.0;10.0;0.0;0;9;0;12;0;0.7071067811865476;-0.7071067811865475;-2.4492935982947064e-16;1.0;0.0;1.0;7.0;7.0;23.0;7.0;15;25;2025-12-01
43.6;3.8;15.0;10.0;0.0;0;9;0;12;0;0.7071067811865476;-0.7071067811865475;-2.4492935982947064e-16;1.0;0.0;1.0;30.645238095238096;30.645238095238096;30.645238095238096;30.645238095238096;3;50;2025-12-01
43.6;3.8;15.0;10.0;0.0;0;9;0;12;0;0.7071067811865476;-0.7071067811865475;-2.4492935982947064e-16;1.0;0.0;1.0;31.20111092958667;31.20111092958667;31.20111092958667;31.20111092958667;6;69;2025-12-01
43.6;3.8;15.0;10.0;0.0;0;9;0;12;0;0.7071067811865476;-0.7071067811865475;-2.4492935982947064e-16;1.0;0.0;1.0;12.0;12.0;5.0;12.0;5;24;2025-12-01
43.6;3.8;15.0;10.0;0.0;0;9;0;12;0;0.7071067811865476;-0.7071067811865475;-2.4492935982947064e-16;1.0;0.0;1.0;13.0;13.0;36.0;13.0;9;33;2025-12-01
43.6;3.8;15.0;10.0;0.0;0;9;0;12;0;0.7071067811865476;-0.7071067811865475;-2.4492935982947064e-16;1.0;0.0;1.0;73.56842729970326;73.56842729970326;107.0;73.56842729970326;10;101;2025-12-01
43.6;3.8;15.0;10.0;0.0;0;9;0;12;0;0.7071067811865476;-0.7071067811865475;-2.4492935982947064e-16;1.0;0.0;1.0;27.0;27.0;59.0;27.0;1;75;2025-12-01
43.6;3.8;15.0;10.0;0.0;0;9;0;12;0;0.7071067811865476;-0.7071067811865475;-2.4492935982947064e-16;1.0;0.0;1.0;25.0;25.0;153.0;25.0;7;98;2025-12-01
43.6;3.8;15.0;10.0;0.0;0;9;0;12;0;0.7071067811865476;-0.7071067811865475;-2.4492935982947064e-16;1.0;0.0;1.0;21.247144340602283;21.247144340602283;21.247144340602283;21.247144340602283;8;36;2025-12-01
43.6;3.8;15.0;10.0;0.0;0;9;0;12;0;0.7071067811865476;-0.7071067811865475;-2.4492935982947064e-16;1.0;0.0;1.0;0.0;0.0;0.0;0.0;4;8;2025-12-01
43.6;3.8;15.0;10.0;0.0;0;10;0;12;0;0.49999999999999994;-0.8660254037844387;-2.4492935982947064e-16;1.0;0.0;1.0;74.0;74.0;58.0;74.0;0;62;2025-12-01
43.6;3.8;15.0;10.0;0.0;0;10;0;12;0;0.49999999999999994;-0.8660254037844387;-2.4492935982947064e-16;1.0;0.0;1.0;7.0;7.0;5.0;7.0;12;10;2025-12-01
43.6;3.8;15.0;10.0;0.0;0;10;0;12;0;0.49999999999999994;-0.8660254037844387;-2.4492935982947064e-16;1.0;0.0;1.0;69.0;69.0;84.0;69.0;17;77;2025-12-01
43.6;3.8;15.0;10.0;0.0;0;10;0;12;0;0.49999999999999994;-0.8660254037844387;-2.4492935982947064e-16;1.0;0.0;1.0;14.0;14.0;31.0;14.0;11;21;2025-12-01
43.6;3.8;15.0;10.0;0.0;0;10;0;12;0;0.49999999999999994;-0.8660254037844387;-2.4492935982947064e-16;1.0;0.0;1.0;2.0;2.0;8.0;2.0;13;8;2025-12-01
43.6;3.8;15.0;10.0;0.0;0;10;0;12;0;0.49999999999999994;-0.8660254037844387;-2.4492935982947064e-16;1.0;0.0;1.0;0.0;0.0;0.0;0.0;16;0;2025-12-01
43.6;3.8;15.0;10.0;0.0;0;10;0;12;0;0.49999999999999994;-0.8660254037844387;-2.4492935982947064e-16;1.0;0.0;1.0;16.32531418312388;16.32531418312388;16.32531418312388;16.32531418312388;14;20;2025-12-01
43.6;3.8;15.0;10.0;0.0;0;10;0;12;0;0.49999999999999994;-0.8660254037844387;-2.4492935982947064e-16;1.0;0.0;1.0;3.853804347826087;3.853804347826087;3.853804347826087;3.853804347826087;2;9;2025-12-01
43.6;3.8;15.0;10.0;0.0;0;10;0;12;0;0.49999999999999994;-0.8660254037844387;-2.4492935982947064e-16;1.0;0.0;1.0;6.0;6.0;14.0;6.0;15;15;2025-12-01
43.6;3.8;15.0;10.0;0.0;0;10;0;12;0;0.49999999999999994;-0.8660254037844387;-2.4492935982947064e-16;1.0;0.0;1.0;30.645238095238096;30.645238095238096;30.645238095238096;30.645238095238096;3;32;2025-12-01
43.6;3.8;15.0;10.0;0.0;0;10;0;12;0;0.49999999999999994;-0.8660254037844387;-2.4492935982947064e-16;1.0;0.0;1.0;31.20111092958667;31.20111092958667;31.20111092958667;31.20111092958667;6;50;2025-12-01
43.6;3.8;15.0;10.0;0.0;0;10;0;12;0;0.49999999999999994;-0.8660254037844387;-2.4492935982947064e-16;1.0;0.0;1.0;17.0;17.0;8.0;17.0;5;19;2025-12-01
43.6;3.8;15.0;10.0;0.0;0;10;0;12;0;0.49999999999999994;-0.8660254037844387;-2.4492935982947064e-16;1.0;0.0;1.0;9.0;9.0;12.0;9.0;9;15;2025-12-01
43.6;3.8;15.0;10.0;0.0;0;10;0;12;0;0.49999999999999994;-0.8660254037844387;-2.4492935982947064e-16;1.0;0.0;1.0;73.56842729970326;73.56842729970326;70.0;73.56842729970326;10;67;2025-12-01
43.6;3.8;15.0;10.0;0.0;0;10;0;12;0;0.49999999999999994;-0.8660254037844387;-2.4492935982947064e-16;1.0;0.0;1.0;19.0;19.0;17.0;19.0;1;22;2025-12-01
43.6;3.8;15.0;10.0;0.0;0;10;0;12;0;0.49999999999999994;-0.8660254037844387;-2.4492935982947064e-16;1.0;0.0;1.0;36.0;36.0;84.0;36.0;7;63;2025-12-01
43.6;3.8;15.0;10.0;0.0;0;10;0;12;0;0.49999999999999994;-0.8660254037844387;-2.4492935982947064e-16;1.0;0.0;1.0;21.247144340602283;21.247144340602283;21.247144340602283;21.247144340602283;8;25;2025-12-01
43.6;3.8;15.0;10.0;0.0;0;10;0;12;0;0.49999999999999994;-0.8660254037844387;-2.4492935982947064e-16;1.0;0.0;1.0;0.0;0.0;0.0;0.0;4;2;2025-12-01
43.6;3.8;15.0;10.0;0.0;0;11;0;12;0;0.258819045102521;-0.9659258262890682;-2.4492935982947064e-16;1.0;0.0;1.0;76.0;76.0;39.0;76.0;0;66;2025-12-01
43.6;3.8;15.0;10.0;0.0;0;11;0;12;0;0.258819045102521;-0.9659258262890682;-2.4492935982947064e-16;1.0;0.0;1.0;32.0;32.0;9.0;32.0;12;27;2025-12-01
43.6;3.8;15.0;10.0;0.0;0;11;0;12;0;0.258819045102521;-0.9659258262890682;-2.4492935982947064e-16;1.0;0.0;1.0;72.0;72.0;81.0;72.0;17;77;2025-12-01
43.6;3.8;15.0;10.0;0.0;0;11;0;12;0;0.258819045102521;-0.9659258262890682;-2.4492935982947064e-16;1.0;0.0;1.0;30.0;30.0;20.0;30.0;11;29;2025-12-01
43.6;3.8;15.0;10.0;0.0;0;11;0;12;0;0.258819045102521;-0.9659258262890682;-2.4492935982947064e-16;1.0;0.0;1.0;4.0;4.0;4.0;4.0;13;9;2025-12-01
43.6;3.8;15.0;10.0;0.0;0;11;0;12;0;0.258819045102521;-0.9659258262890682;-2.4492935982947064e-16;1.0;0.0;1.0;0.0;0.0;0.0;0.0;16;0;2025-12-01
43.6;3.8;15.0;10.0;0.0;0;11;0;12;0;0.258819045102521;-0.9659258262890682;-2.4492935982947064e-16;1.0;0.0;1.0;16.32531418312388;16.32531418312388;16.32531418312388;16.32531418312388;14;20;2025-12-01
43.6;3.8;15.0;10.0;0.0;0;11;0;12;0;0.258819045102521;-0.9659258262890682;-2.4492935982947064e-16;1.0;0.0;1.0;3.853804347826087;3.853804347826087;3.853804347826087;3.853804347826087;2;9;2025-12-01
43.6;3.8;15.0;10.0;0.0;0;11;0;12;0;0.258819045102521;-0.9659258262890682;-2.4492935982947064e-16;1.0;0.0;1.0;7.0;7.0;13.0;7.0;15;14;2025-12-01
43.6;3.8;15.0;10.0;0.0;0;11;0;12;0;0.258819045102521;-0.9659258262890682;-2.4492935982947064e-16;1.0;0.0;1.0;30.645238095238096;30.645238095238096;30.645238095238096;30.645238095238096;3;33;2025-12-01
43.6;3.8;15.0;10.0;0.0;0;11;0;12;0;0.258819045102521;-0.9659258262890682;-2.4492935982947064e-16;1.0;0.0;1.0;31.20111092958667;31.20111092958667;31.20111092958667;31.20111092958667;6;51;2025-12-01
43.6;3.8;15.0;10.0;0.0;0;11;0;12;0;0.258819045102521;-0.9659258262890682;-2.4492935982947064e-16;1.0;0.0;1.0;34.0;34.0;12.0;34.0;5;29;2025-12-01
43.6;3.8;15.0;10.0;0.0;0;11;0;12;0;0.258819045102521;-0.9659258262890682;-2.4492935982947064e-16;1.0;0.0;1.0;16.0;16.0;18.0;16.0;9;22;2025-12-01
43.6;3.8;15.0;10.0;0.0;0;11;0;12;0;0.258819045102521;-0.9659258262890682;-2.4492935982947064e-16;1.0;0.0;1.0;73.56842729970326;73.56842729970326;41.0;73.56842729970326;10;66;2025-12-01
43.6;3.8;15.0;10.0;0.0;0;11;0;12;0;0.258819045102521;-0.9659258262890682;-2.4492935982947064e-16;1.0;0.0;1.0;38.0;38.0;17.0;38.0;1;30;2025-12-01
43.6;3.8;15.0;10.0;0.0;0;11;0;12;0;0.258819045102521;-0.9659258262890682;-2.4492935982947064e-16;1.0;0.0;1.0;35.0;35.0;101.0;35.0;7;68;2025-12-01
43.6;3.8;15.0;10.0;0.0;0;11;0;12;0;0.258819045102521;-0.9659258262890682;-2.4492935982947064e-16;1.0;0.0;1.0;21.247144340602283;21.247144340602283;21.247144340602283;21.247144340602283;8;26;2025-12-01
43.6;3.8;15.0;10.0;0.0;0;11;0;12;0;0.258819045102521;-0.9659258262890682;-2.4492935982947064e-16;1.0;0.0;1.0;0.0;0.0;0.0;0.0;4;2;2025-12-01
43.6;3.8;15.0;10.0;0.0;0;12;0;12;0;1.2246467991473532e-16;-1.0;-2.4492935982947064e-16;1.0;0.0;1.0;64.0;64.0;81.0;64.0;0;70;2025-12-01
43.6;3.8;15.0;10.0;0.0;0;12;0;12;0;1.2246467991473532e-16;-1.0;-2.4492935982947064e-16;1.0;0.0;1.0;32.0;32.0;15.0;32.0;12;32;2025-12-01
43.6;3.8;15.0;10.0;0.0;0;12;0;12;0;1.2246467991473532e-16;-1.0;-2.4492935982947064e-16;1.0;0.0;1.0;75.0;75.0;126.0;75.0;17;102;2025-12-01
43.6;3.8;15.0;10.0;0.0;0;12;0;12;0;1.2246467991473532e-16;-1.0;-2.4492935982947064e-16;1.0;0.0;1.0;28.0;28.0;26.0;28.0;11;38;2025-12-01
43.6;3.8;15.0;10.0;0.0;0;12;0;12;0;1.2246467991473532e-16;-1.0;-2.4492935982947064e-16;1.0;0.0;1.0;4.0;4.0;8.0;4.0;13;12;2025-12-01
43.6;3.8;15.0;10.0;0.0;0;12;0;12;0;1.2246467991473532e-16;-1.0;-2.4492935982947064e-16;1.0;0.0;1.0;0.0;0.0;0.0;0.0;16;0;2025-12-01
43.6;3.8;15.0;10.0;0.0;0;12;0;12;0;1.2246467991473532e-16;-1.0;-2.4492935982947064e-16;1.0;0.0;1.0;16.32531418312388;16.32531418312388;16.32531418312388;16.32531418312388;14;23;2025-12-01
43.6;3.8;15.0;10.0;0.0;0;12;0;12;0;1.2246467991473532e-16;-1.0;-2.4492935982947064e-16;1.0;0.0;1.0;3.853804347826087;3.853804347826087;3.853804347826087;3.853804347826087;2;10;2025-12-01
43.6;3.8;15.0;10.0;0.0;0;12;0;12;0;1.2246467991473532e-16;-1.0;-2.4492935982947064e-16;1.0;0.0;1.0;17.0;17.0;8.0;17.0;15;20;2025-12-01
43.6;3.8;15.0;10.0;0.0;0;12;0;12;0;1.2246467991473532e-16;-1.0;-2.4492935982947064e-16;1.0;0.0;1.0;30.645238095238096;30.645238095238096;30.645238095238096;30.645238095238096;3;38;2025-12-01
43.6;3.8;15.0;10.0;0.0;0;12;0;12;0;1.2246467991473532e-16;-1.0;-2.4492935982947064e-16;1.0;0.0;1.0;31.20111092958667;31.20111092958667;31.20111092958667;31.20111092958667;6;56;2025-12-01
43.6;3.8;15.0;10.0;0.0;0;12;0;12;0;1.2246467991473532e-16;-1.0;-2.4492935982947064e-16;1.0;0.0;1.0;18.0;18.0;8.0;18.0;5;22;2025-12-01
43.6;3.8;15.0;10.0;0.0;0;12;0;12;0;1.2246467991473532e-16;-1.0;-2.4492935982947064e-16;1.0;0.0;1.0;15.0;15.0;28.0;15.0;9;26;2025-12-01
43.6;3.8;15.0;10.0;0.0;0;12;0;12;0;1.2246467991473532e-16;-1.0;-2.4492935982947064e-16;1.0;0.0;1.0;73.56842729970326;73.56842729970326;69.0;73.56842729970326;10;76;2025-12-01
43.6;3.8;15.0;10.0;0.0;0;12;0;12;0;1.2246467991473532e-16;-1.0;-2.4492935982947064e-16;1.0;0.0;1.0;32.0;32.0;24.0;32.0;1;37;2025-12-01
43.6;3.8;15.0;10.0;0.0;0;12;0;12;0;1.2246467991473532e-16;-1.0;-2.4492935982947064e-16;1.0;0.0;1.0;64.0;64.0;138.0;64.0;7;96;2025-12-01
43.6;3.8;15.0;10.0;0.0;0;12;0;12;0;1.2246467991473532e-16;-1.0;-2.4492935982947064e-16;1.0;0.0;1.0;21.247144340602283;21.247144340602283;21.247144340602283;21.247144340602283;8;28;2025-12-01
43.6;3.8;15.0;10.0;0.0;0;12;0;12;0;1.2246467991473532e-16;-1.0;-2.4492935982947064e-16;1.0;0.0;1.0;0.0;0.0;0.0;0.0;4;3;2025-12-01
43.6;3.8;15.0;10.0;0.0;0;13;0;12;0;-0.2588190451025208;-0.9659258262890683;-2.4492935982947064e-16;1.0;0.0;1.0;57.0;57.0;53.0;57.0;0;63;2025-12-01
43.6;3.8;15.0;10.0;0.0;0;13;0;12;0;-0.2588190451025208;-0.9659258262890683;-2.4492935982947064e-16;1.0;0.0;1.0;9.0;9.0;16.0;9.0;12;17;2025-12-01
43.6;3.8;15.0;10.0;0.0;0;13;0;12;0;-0.2588190451025208;-0.9659258262890683;-2.4492935982947064e-16;1.0;0.0;1.0;78.0;78.0;140.0;78.0;17;106;2025-12-01
43.6;3.8;15.0;10.0;0.0;0;13;0;12;0;-0.2588190451025208;-0.9659258262890683;-2.4492935982947064e-16;1.0;0.0;1.0;16.0;16.0;29.0;16.0;11;28;2025-12-01
43.6;3.8;15.0;10.0;0.0;0;13;0;12;0;-0.2588190451025208;-0.9659258262890683;-2.4492935982947064e-16;1.0;0.0;1.0;1.0;1.0;18.0;1.0;13;10;2025-12-01
43.6;3.8;15.0;10.0;0.0;0;13;0;12;0;-0.2588190451025208;-0.9659258262890683;-2.4492935982947064e-16;1.0;0.0;1.0;0.0;0.0;0.0;0.0;16;0;2025-12-01
43.6;3.8;15.0;10.0;0.0;0;13;0;12;0;-0.2588190451025208;-0.9659258262890683;-2.4492935982947064e-16;1.0;0.0;1.0;16.32531418312388;16.32531418312388;16.32531418312388;16.32531418312388;14;23;2025-12-01
43.6;3.8;15.0;10.0;0.0;0;13;0;12;0;-0.2588190451025208;-0.9659258262890683;-2.4492935982947064e-16;1.0;0.0;1.0;3.853804347826087;3.853804347826087;3.853804347826087;3.853804347826087;2;11;2025-12-01
43.6;3.8;15.0;10.0;0.0;0;13;0;12;0;-0.2588190451025208;-0.9659258262890683;-2.4492935982947064e-16;1.0;0.0;1.0;15.0;15.0;15.0;15.0;15;20;2025-12-01
43.6;3.8;15.0;10.0;0.0;0;13;0;12;0;-0.2588190451025208;-0.9659258262890683;-2.4492935982947064e-16;1.0;0.0;1.0;30.645238095238096;30.645238095238096;30.645238095238096;30.645238095238096;3;37;2025-12-01
43.6;3.8;15.0;10.0;0.0;0;13;0;12;0;-0.2588190451025208;-0.9659258262890683;-2.4492935982947064e-16;1.0;0.0;1.0;31.20111092958667;31.20111092958667;31.20111092958667;31.20111092958667;6;55;2025-12-01
43.6;3.8;15.0;10.0;0.0;0;13;0;12;0;-0.2588190451025208;-0.9659258262890683;-2.4492935982947064e-16;1.0;0.0;1.0;14.0;14.0;5.0;14.0;5;18;2025-12-01
43.6;3.8;15.0;10.0;0.0;0;13;0;12;0;-0.2588190451025208;-0.9659258262890683;-2.4492935982947064e-16;1.0;0.0;1.0;12.0;12.0;32.0;12.0;9;25;2025-12-01
43.6;3.8;15.0;10.0;0.0;0;13;0;12;0;-0.2588190451025208;-0.9659258262890683;-2.4492935982947064e-16;1.0;0.0;1.0;73.56842729970326;73.56842729970326;76.0;73.56842729970326;10;74;2025-12-01
43.6;3.8;15.0;10.0;0.0;0;13;0;12;0;-0.2588190451025208;-0.9659258262890683;-2.4492935982947064e-16;1.0;0.0;1.0;22.0;22.0;23.0;22.0;1;28;2025-12-01
43.6;3.8;15.0;10.0;0.0;0;13;0;12;0;-0.2588190451025208;-0.9659258262890683;-2.4492935982947064e-16;1.0;0.0;1.0;81.0;81.0;150.0;81.0;7;91;2025-12-01
43.6;3.8;15.0;10.0;0.0;0;13;0;12;0;-0.2588190451025208;-0.9659258262890683;-2.4492935982947064e-16;1.0;0.0;1.0;21.247144340602283;21.247144340602283;21.247144340602283;21.247144340602283;8;28;2025-12-01
43.6;3.8;15.0;10.0;0.0;0;13;0;12;0;-0.2588190451025208;-0.9659258262890683;-2.4492935982947064e-16;1.0;0.0;1.0;0.0;0.0;0.0;0.0;4;3;2025-12-01
43.6;3.8;15.0;10.0;0.0;0;14;0;12;0;-0.4999999999999997;-0.8660254037844388;-2.4492935982947064e-16;1.0;0.0;1.0;50.0;50.0;31.0;50.0;0;54;2025-12-01
43.6;3.8;15.0;10.0;0.0;0;14;0;12;0;-0.4999999999999997;-0.8660254037844388;-2.4492935982947064e-16;1.0;0.0;1.0;13.0;13.0;6.0;13.0;12;15;2025-12-01
43.6;3.8;15.0;10.0;0.0;0;14;0;12;0;-0.4999999999999997;-0.8660254037844388;-2.4492935982947064e-16;1.0;0.0;1.0;73.0;73.0;65.0;73.0;17;79;2025-12-01
43.6;3.8;15.0;10.0;0.0;0;14;0;12;0;-0.4999999999999997;-0.8660254037844388;-2.4492935982947064e-16;1.0;0.0;1.0;21.0;21.0;22.0;21.0;11;26;2025-12-01
43.6;3.8;15.0;10.0;0.0;0;14;0;12;0;-0.4999999999999997;-0.8660254037844388;-2.4492935982947064e-16;1.0;0.0;1.0;3.0;3.0;2.0;3.0;13;8;2025-12-01
43.6;3.8;15.0;10.0;0.0;0;14;0;12;0;-0.4999999999999997;-0.8660254037844388;-2.4492935982947064e-16;1.0;0.0;1.0;0.0;0.0;0.0;0.0;16;0;2025-12-01
43.6;3.8;15.0;10.0;0.0;0;14;0;12;0;-0.4999999999999997;-0.8660254037844388;-2.4492935982947064e-16;1.0;0.0;1.0;16.32531418312388;16.32531418312388;16.32531418312388;16.32531418312388;14;22;2025-12-01
43.6;3.8;15.0;10.0;0.0;0;14;0;12;0;-0.4999999999999997;-0.8660254037844388;-2.4492935982947064e-16;1.0;0.0;1.0;3.853804347826087;3.853804347826087;3.853804347826087;3.853804347826087;2;10;2025-12-01
43.6;3.8;15.0;10.0;0.0;0;14;0;12;0;-0.4999999999999997;-0.8660254037844388;-2.4492935982947064e-16;1.0;0.0;1.0;2.0;2.0;12.0;2.0;15;11;2025-12-01
43.6;3.8;15.0;10.0;0.0;0;14;0;12;0;-0.4999999999999997;-0.8660254037844388;-2.4492935982947064e-16;1.0;0.0;1.0;30.645238095238096;30.645238095238096;30.645238095238096;30.645238095238096;3;35;2025-12-01
43.6;3.8;15.0;10.0;0.0;0;14;0;12;0;-0.4999999999999997;-0.8660254037844388;-2.4492935982947064e-16;1.0;0.0;1.0;31.20111092958667;31.20111092958667;31.20111092958667;31.20111092958667;6;53;2025-12-01
43.6;3.8;15.0;10.0;0.0;0;14;0;12;0;-0.4999999999999997;-0.8660254037844388;-2.4492935982947064e-16;1.0;0.0;1.0;23.0;23.0;6.0;23.0;5;23;2025-12-01
43.6;3.8;15.0;10.0;0.0;0;14;0;12;0;-0.4999999999999997;-0.8660254037844388;-2.4492935982947064e-16;1.0;0.0;1.0;23.0;23.0;13.0;23.0;9;28;2025-12-01
43.6;3.8;15.0;10.0;0.0;0;14;0;12;0;-0.4999999999999997;-0.8660254037844388;-2.4492935982947064e-16;1.0;0.0;1.0;73.56842729970326;73.56842729970326;37.0;73.56842729970326;10;69;2025-12-01
43.6;3.8;15.0;10.0;0.0;0;14;0;12;0;-0.4999999999999997;-0.8660254037844388;-2.4492935982947064e-16;1.0;0.0;1.0;20.0;20.0;14.0;20.0;1;25;2025-12-01
43.6;3.8;15.0;10.0;0.0;0;14;0;12;0;-0.4999999999999997;-0.8660254037844388;-2.4492935982947064e-16;1.0;0.0;1.0;71.0;71.0;84.0;71.0;7;76;2025-12-01
43.6;3.8;15.0;10.0;0.0;0;14;0;12;0;-0.4999999999999997;-0.8660254037844388;-2.4492935982947064e-16;1.0;0.0;1.0;21.247144340602283;21.247144340602283;21.247144340602283;21.247144340602283;8;28;2025-12-01
43.6;3.8;15.0;10.0;0.0;0;14;0;12;0;-0.4999999999999997;-0.8660254037844388;-2.4492935982947064e-16;1.0;0.0;1.0;0.0;0.0;0.0;0.0;4;3;2025-12-01
43.6;3.8;15.0;10.0;0.0;0;15;0;12;0;-0.7071067811865471;-0.7071067811865479;-2.4492935982947064e-16;1.0;0.0;1.0;61.0;61.0;25.0;61.0;0;60;2025-12-01
43.6;3.8;15.0;10.0;0.0;0;15;0;12;0;-0.7071067811865471;-0.7071067811865479;-2.4492935982947064e-16;1.0;0.0;1.0;12.0;12.0;5.0;12.0;12;16;2025-12-01
43.6;3.8;15.0;10.0;0.0;0;15;0;12;0;-0.7071067811865471;-0.7071067811865479;-2.4492935982947064e-16;1.0;0.0;1.0;74.0;74.0;70.0;74.0;17;82;2025-12-01
43.6;3.8;15.0;10.0;0.0;0;15;0;12;0;-0.7071067811865471;-0.7071067811865479;-2.4492935982947064e-16;1.0;0.0;1.0;20.0;20.0;29.0;20.0;11;30;2025-12-01
43.6;3.8;15.0;10.0;0.0;0;15;0;12;0;-0.7071067811865471;-0.7071067811865479;-2.4492935982947064e-16;1.0;0.0;1.0;0.0;0.0;2.0;0.0;13;2;2025-12-01
43.6;3.8;15.0;10.0;0.0;0;15;0;12;0;-0.7071067811865471;-0.7071067811865479;-2.4492935982947064e-16;1.0;0.0;1.0;0.0;0.0;0.0;0.0;16;0;2025-12-01
43.6;3.8;15.0;10.0;0.0;0;15;0;12;0;-0.7071067811865471;-0.7071067811865479;-2.4492935982947064e-16;1.0;0.0;1.0;16.32531418312388;16.32531418312388;16.32531418312388;16.32531418312388;14;23;2025-12-01
43.6;3.8;15.0;10.0;0.0;0;15;0;12;0;-0.7071067811865471;-0.7071067811865479;-2.4492935982947064e-16;1.0;0.0;1.0;3.853804347826087;3.853804347826087;3.853804347826087;3.853804347826087;2;12;2025-12-01
43.6;3.8;15.0;10.0;0.0;0;15;0;12;0;-0.7071067811865471;-0.7071067811865479;-2.4492935982947064e-16;1.0;0.0;1.0;7.0;7.0;8.0;7.0;15;13;2025-12-01
43.6;3.8;15.0;10.0;0.0;0;15;0;12;0;-0.7071067811865471;-0.7071067811865479;-2.4492935982947064e-16;1.0;0.0;1.0;30.645238095238096;30.645238095238096;30.645238095238096;30.645238095238096;3;37;2025-12-01
43.6;3.8;15.0;10.0;0.0;0;15;0;12;0;-0.7071067811865471;-0.7071067811865479;-2.4492935982947064e-16;1.0;0.0;1.0;31.20111092958667;31.20111092958667;31.20111092958667;31.20111092958667;6;55;2025-12-01
43.6;3.8;15.0;10.0;0.0;0;15;0;12;0;-0.7071067811865471;-0.7071067811865479;-2.4492935982947064e-16;1.0;0.0;1.0;9.0;9.0;6.0;9.0;5;16;2025-12-01
43.6;3.8;15.0;10.0;0.0;0;15;0;12;0;-0.7071067811865471;-0.7071067811865479;-2.4492935982947064e-16;1.0;0.0;1.0;17.0;17.0;10.0;17.0;9;22;2025-12-01
43.6;3.8;15.0;10.0;0.0;0;15;0;12;0;-0.7071067811865471;-0.7071067811865479;-2.4492935982947064e-16;1.0;0.0;1.0;73.56842729970326;73.56842729970326;31.0;73.56842729970326;10;71;2025-12-01
43.6;3.8;15.0;10.0;0.0;0;15;0;12;0;-0.7071067811865471;-0.7071067811865479;-2.4492935982947064e-16;1.0;0.0;1.0;28.0;28.0;14.0;28.0;1;32;2025-12-01
43.6;3.8;15.0;10.0;0.0;0;15;0;12;0;-0.7071067811865471;-0.7071067811865479;-2.4492935982947064e-16;1.0;0.0;1.0;45.0;45.0;118.0;45.0;7;81;2025-12-01
43.6;3.8;15.0;10.0;0.0;0;15;0;12;0;-0.7071067811865471;-0.7071067811865479;-2.4492935982947064e-16;1.0;0.0;1.0;21.247144340602283;21.247144340602283;21.247144340602283;21.247144340602283;8;29;2025-12-01
43.6;3.8;15.0;10.0;0.0;0;15;0;12;0;-0.7071067811865471;-0.7071067811865479;-2.4492935982947064e-16;1.0;0.0;1.0;0.0;0.0;0.0;0.0;4;4;2025-12-01
43.6;3.8;15.0;10.0;0.0;0;16;0;12;0;-0.8660254037844384;-0.5000000000000004;-2.4492935982947064e-16;1.0;0.0;1.0;63.0;63.0;76.0;63.0;0;90;2025-12-01
43.6;3.8;15.0;10.0;0.0;0;16;0;12;0;-0.8660254037844384;-0.5000000000000004;-2.4492935982947064e-16;1.0;0.0;1.0;21.0;21.0;12.0;21.0;12;36;2025-12-01
43.6;3.8;15.0;10.0;0.0;0;16;0;12;0;-0.8660254037844384;-0.5000000000000004;-2.4492935982947064e-16;1.0;0.0;1.0;69.0;69.0;151.0;69.0;17;148;2025-12-01
43.6;3.8;15.0;10.0;0.0;0;16;0;12;0;-0.8660254037844384;-0.5000000000000004;-2.4492935982947064e-16;1.0;0.0;1.0;19.0;19.0;28.0;19.0;11;40;2025-12-01
43.6;3.8;15.0;10.0;0.0;0;16;0;12;0;-0.8660254037844384;-0.5000000000000004;-2.4492935982947064e-16;1.0;0.0;1.0;4.0;4.0;8.0;4.0;13;20;2025-12-01
43.6;3.8;15.0;10.0;0.0;0;16;0;12;0;-0.8660254037844384;-0.5000000000000004;-2.4492935982947064e-16;1.0;0.0;1.0;0.0;0.0;0.0;0.0;16;12;2025-12-01
43.6;3.8;15.0;10.0;0.0;0;16;0;12;0;-0.8660254037844384;-0.5000000000000004;-2.4492935982947064e-16;1.0;0.0;1.0;16.32531418312388;16.32531418312388;16.32531418312388;16.32531418312388;14;33;2025-12-01
43.6;3.8;15.0;10.0;0.0;0;16;0;12;0;-0.8660254037844384;-0.5000000000000004;-2.4492935982947064e-16;1.0;0.0;1.0;3.853804347826087;3.853804347826087;3.853804347826087;3.853804347826087;2;18;2025-12-01
43.6;3.8;15.0;10.0;0.0;0;16;0;12;0;-0.8660254037844384;-0.5000000000000004;-2.4492935982947064e-16;1.0;0.0;1.0;11.0;11.0;10.0;11.0;15;23;2025-12-01
43.6;3.8;15.0;10.0;0.0;0;16;0;12;0;-0.8660254037844384;-0.5000000000000004;-2.4492935982947064e-16;1.0;0.0;1.0;30.645238095238096;30.645238095238096;30.645238095238096;30.645238095238096;3;51;2025-12-01
43.6;3.8;15.0;10.0;0.0;0;16;0;12;0;-0.8660254037844384;-0.5000000000000004;-2.4492935982947064e-16;1.0;0.0;1.0;31.20111092958667;31.20111092958667;31.20111092958667;31.20111092958667;6;70;2025-12-01
43.6;3.8;15.0;10.0;0.0;0;16;0;12;0;-0.8660254037844384;-0.5000000000000004;-2.4492935982947064e-16;1.0;0.0;1.0;16.0;16.0;16.0;16.0;5;36;2025-12-01
43.6;3.8;15.0;10.0;0.0;0;16;0;12;0;-0.8660254037844384;-0.5000000000000004;-2.4492935982947064e-16;1.0;0.0;1.0;16.0;16.0;49.0;16.0;9;50;2025-12-01
43.6;3.8;15.0;10.0;0.0;0;16;0;12;0;-0.8660254037844384;-0.5000000000000004;-2.4492935982947064e-16;1.0;0.0;1.0;73.56842729970326;73.56842729970326;80.0;73.56842729970326;10;97;2025-12-01
43.6;3.8;15.0;10.0;0.0;0;16;0;12;0;-0.8660254037844384;-0.5000000000000004;-2.4492935982947064e-16;1.0;0.0;1.0;29.0;29.0;25.0;29.0;1;49;2025-12-01
43.6;3.8;15.0;10.0;0.0;0;16;0;12;0;-0.8660254037844384;-0.5000000000000004;-2.4492935982947064e-16;1.0;0.0;1.0;49.0;49.0;151.0;49.0;7;127;2025-12-01
43.6;3.8;15.0;10.0;0.0;0;16;0;12;0;-0.8660254037844384;-0.5000000000000004;-2.4492935982947064e-16;1.0;0.0;1.0;21.247144340602283;21.247144340602283;21.247144340602283;21.247144340602283;8;42;2025-12-01
43.6;3.8;15.0;10.0;0.0;0;16;0;12;0;-0.8660254037844384;-0.5000000000000004;-2.4492935982947064e-16;1.0;0.0;1.0;0.0;0.0;0.0;0.0;4;8;2025-12-01
43.6;3.8;15.0;10.0;0.0;0;17;0;12;0;-0.9659258262890683;-0.25881904510252063;-2.4492935982947064e-16;1.0;0.0;1.0;79.0;79.0;142.0;79.0;0;165;2025-12-01
43.6;3.8;15.0;10.0;0.0;0;17;0;12;0;-0.9659258262890683;-0.25881904510252063;-2.4492935982947064e-16;1.0;0.0;1.0;15.0;15.0;36.0;15.0;12;37;2025-12-01
43.6;3.8;15.0;10.0;0.0;0;17;0;12;0;-0.9659258262890683;-0.25881904510252063;-2.4492935982947064e-16;1.0;0.0;1.0;104.0;104.0;298.0;104.0;17;272;2025-12-01
43.6;3.8;15.0;10.0;0.0;0;17;0;12;0;-0.9659258262890683;-0.25881904510252063;-2.4492935982947064e-16;1.0;0.0;1.0;20.0;20.0;25.0;20.0;11;48;2025-12-01
43.6;3.8;15.0;10.0;0.0;0;17;0;12;0;-0.9659258262890683;-0.25881904510252063;-2.4492935982947064e-16;1.0;0.0;1.0;1.0;1.0;4.0;1.0;13;8;2025-12-01
43.6;3.8;15.0;10.0;0.0;0;17;0;12;0;-0.9659258262890683;-0.25881904510252063;-2.4492935982947064e-16;1.0;0.0;1.0;0.0;0.0;0.0;0.0;16;9;2025-12-01
43.6;3.8;15.0;10.0;0.0;0;17;0;12;0;-0.9659258262890683;-0.25881904510252063;-2.4492935982947064e-16;1.0;0.0;1.0;16.32531418312388;16.32531418312388;16.32531418312388;16.32531418312388;14;38;2025-12-01
43.6;3.8;15.0;10.0;0.0;0;17;0;12;0;-0.9659258262890683;-0.25881904510252063;-2.4492935982947064e-16;1.0;0.0;1.0;3.853804347826087;3.853804347826087;3.853804347826087;3.853804347826087;2;16;2025-12-01
43.6;3.8;15.0;10.0;0.0;0;17;0;12;0;-0.9659258262890683;-0.25881904510252063;-2.4492935982947064e-16;1.0;0.0;1.0;10.0;10.0;28.0;10.0;15;31;2025-12-01
43.6;3.8;15.0;10.0;0.0;0;17;0;12;0;-0.9659258262890683;-0.25881904510252063;-2.4492935982947064e-16;1.0;0.0;1.0;30.645238095238096;30.645238095238096;30.645238095238096;30.645238095238096;3;60;2025-12-01
43.6;3.8;15.0;10.0;0.0;0;17;0;12;0;-0.9659258262890683;-0.25881904510252063;-2.4492935982947064e-16;1.0;0.0;1.0;31.20111092958667;31.20111092958667;31.20111092958667;31.20111092958667;6;82;2025-12-01
43.6;3.8;15.0;10.0;0.0;0;17;0;12;0;-0.9659258262890683;-0.25881904510252063;-2.4492935982947064e-16;1.0;0.0;1.0;11.0;11.0;12.0;11.0;5;32;2025-12-01
43.6;3.8;15.0;10.0;0.0;0;17;0;12;0;-0.9659258262890683;-0.25881904510252063;-2.4492935982947064e-16;1.0;0.0;1.0;21.0;21.0;79.0;21.0;9;80;2025-12-01
43.6;3.8;15.0;10.0;0.0;0;17;0;12;0;-0.9659258262890683;-0.25881904510252063;-2.4492935982947064e-16;1.0;0.0;1.0;73.56842729970326;73.56842729970326;157.0;73.56842729970326;10;188;2025-12-01
43.6;3.8;15.0;10.0;0.0;0;17;0;12;0;-0.9659258262890683;-0.25881904510252063;-2.4492935982947064e-16;1.0;0.0;1.0;16.0;16.0;86.0;16.0;1;67;2025-12-01
43.6;3.8;15.0;10.0;0.0;0;17;0;12;0;-0.9659258262890683;-0.25881904510252063;-2.4492935982947064e-16;1.0;0.0;1.0;47.0;47.0;231.0;47.0;7;198;2025-12-01
43.6;3.8;15.0;10.0;0.0;0;17;0;12;0;-0.9659258262890683;-0.25881904510252063;-2.4492935982947064e-16;1.0;0.0;1.0;21.247144340602283;21.247144340602283;21.247144340602283;21.247144340602283;8;50;2025-12-01
43.6;3.8;15.0;10.0;0.0;0;17;0;12;0;-0.9659258262890683;-0.25881904510252063;-2.4492935982947064e-16;1.0;0.0;1.0;0.0;0.0;0.0;0.0;4;7;2025-12-01
43.6;3.8;15.0;10.0;0.0;0;18;0;12;0;-1.0;-1.8369701987210297e-16;-2.4492935982947064e-16;1.0;0.0;1.0;32.0;32.0;150.0;32.0;0;115;2025-12-01
43.6;3.8;15.0;10.0;0.0;0;18;0;12;0;-1.0;-1.8369701987210297e-16;-2.4492935982947064e-16;1.0;0.0;1.0;7.0;7.0;35.0;7.0;12;35;2025-12-01
43.6;3.8;15.0;10.0;0.0;0;18;0;12;0;-1.0;-1.8369701987210297e-16;-2.4492935982947064e-16;1.0;0.0;1.0;85.0;85.0;239.0;85.0;17;266;2025-12-01
43.6;3.8;15.0;10.0;0.0;0;18;0;12;0;-1.0;-1.8369701987210297e-16;-2.4492935982947064e-16;1.0;0.0;1.0;15.0;15.0;56.0;15.0;11;40;2025-12-01
43.6;3.8;15.0;10.0;0.0;0;18;0;12;0;-1.0;-1.8369701987210297e-16;-2.4492935982947064e-16;1.0;0.0;1.0;0.0;0.0;8.0;0.0;13;4;2025-12-01
43.6;3.8;15.0;10.0;0.0;0;18;0;12;0;-1.0;-1.8369701987210297e-16;-2.4492935982947064e-16;1.0;0.0;1.0;0.0;0.0;0.0;0.0;16;16;2025-12-01
43.6;3.8;15.0;10.0;0.0;0;18;0;12;0;-1.0;-1.8369701987210297e-16;-2.4492935982947064e-16;1.0;0.0;1.0;16.32531418312388;16.32531418312388;16.32531418312388;16.32531418312388;14;34;2025-12-01
43.6;3.8;15.0;10.0;0.0;0;18;0;12;0;-1.0;-1.8369701987210297e-16;-2.4492935982947064e-16;1.0;0.0;1.0;3.853804347826087;3.853804347826087;3.853804347826087;3.853804347826087;2;14;2025-12-01
43.6;3.8;15.0;10.0;0.0;0;18;0;12;0;-1.0;-1.8369701987210297e-16;-2.4492935982947064e-16;1.0;0.0;1.0;7.0;7.0;29.0;7.0;15;33;2025-12-01
43.6;3.8;15.0;10.0;0.0;0;18;0;12;0;-1.0;-1.8369701987210297e-16;-2.4492935982947064e-16;1.0;0.0;1.0;30.645238095238096;30.645238095238096;30.645238095238096;30.645238095238096;3;56;2025-12-01
43.6;3.8;15.0;10.0;0.0;0;18;0;12;0;-1.0;-1.8369701987210297e-16;-2.4492935982947064e-16;1.0;0.0;1.0;31.20111092958667;31.20111092958667;31.20111092958667;31.20111092958667;6;77;2025-12-01
43.6;3.8;15.0;10.0;0.0;0;18;0;12;0;-1.0;-1.8369701987210297e-16;-2.4492935982947064e-16;1.0;0.0;1.0;5.0;5.0;21.0;5.0;5;23;2025-12-01
43.6;3.8;15.0;10.0;0.0;0;18;0;12;0;-1.0;-1.8369701987210297e-16;-2.4492935982947064e-16;1.0;0.0;1.0;9.0;9.0;69.0;9.0;9;51;2025-12-01
43.6;3.8;15.0;10.0;0.0;0;18;0;12;0;-1.0;-1.8369701987210297e-16;-2.4492935982947064e-16;1.0;0.0;1.0;73.56842729970326;73.56842729970326;152.0;73.56842729970326;10;175;2025-12-01
43.6;3.8;15.0;10.0;0.0;0;18;0;12;0;-1.0;-1.8369701987210297e-16;-2.4492935982947064e-16;1.0;0.0;1.0;20.0;20.0;47.0;20.0;1;55;2025-12-01
43.6;3.8;15.0;10.0;0.0;0;18;0;12;0;-1.0;-1.8369701987210297e-16;-2.4492935982947064e-16;1.0;0.0;1.0;59.0;59.0;247.0;59.0;7;204;2025-12-01
43.6;3.8;15.0;10.0;0.0;0;18;0;12;0;-1.0;-1.8369701987210297e-16;-2.4492935982947064e-16;1.0;0.0;1.0;21.247144340602283;21.247144340602283;21.247144340602283;21.247144340602283;8;45;2025-12-01
43.6;3.8;15.0;10.0;0.0;0;18;0;12;0;-1.0;-1.8369701987210297e-16;-2.4492935982947064e-16;1.0;0.0;1.0;0.0;0.0;0.0;0.0;4;7;2025-12-01
43.6;3.8;15.0;10.0;0.0;0;19;0;12;0;-0.9659258262890684;0.2588190451025203;-2.4492935982947064e-16;1.0;0.0;1.0;31.0;31.0;57.0;31.0;0;61;2025-12-01
43.6;3.8;15.0;10.0;0.0;0;19;0;12;0;-0.9659258262890684;0.2588190451025203;-2.4492935982947064e-16;1.0;0.0;1.0;1.0;1.0;16.0;1.0;12;5;2025-12-01
43.6;3.8;15.0;10.0;0.0;0;19;0;12;0;-0.9659258262890684;0.2588190451025203;-2.4492935982947064e-16;1.0;0.0;1.0;80.0;80.0;173.0;80.0;17;175;2025-12-01
43.6;3.8;15.0;10.0;0.0;0;19;0;12;0;-0.9659258262890684;0.2588190451025203;-2.4492935982947064e-16;1.0;0.0;1.0;20.0;20.0;36.0;20.0;11;35;2025-12-01
43.6;3.8;15.0;10.0;0.0;0;19;0;12;0;-0.9659258262890684;0.2588190451025203;-2.4492935982947064e-16;1.0;0.0;1.0;1.0;1.0;7.0;1.0;13;2;2025-12-01
43.6;3.8;15.0;10.0;0.0;0;19;0;12;0;-0.9659258262890684;0.2588190451025203;-2.4492935982947064e-16;1.0;0.0;1.0;0.0;0.0;0.0;0.0;16;0;2025-12-01
43.6;3.8;15.0;10.0;0.0;0;19;0;12;0;-0.9659258262890684;0.2588190451025203;-2.4492935982947064e-16;1.0;0.0;1.0;16.32531418312388;16.32531418312388;16.32531418312388;16.32531418312388;14;24;2025-12-01
43.6;3.8;15.0;10.0;0.0;0;19;0;12;0;-0.9659258262890684;0.2588190451025203;-2.4492935982947064e-16;1.0;0.0;1.0;3.853804347826087;3.853804347826087;3.853804347826087;3.853804347826087;2;4;2025-12-01
43.6;3.8;15.0;10.0;0.0;0;19;0;12;0;-0.9659258262890684;0.2588190451025203;-2.4492935982947064e-16;1.0;0.0;1.0;7.0;7.0;15.0;7.0;15;17;2025-12-01
43.6;3.8;15.0;10.0;0.0;0;19;0;12;0;-0.9659258262890684;0.2588190451025203;-2.4492935982947064e-16;1.0;0.0;1.0;30.645238095238096;30.645238095238096;30.645238095238096;30.645238095238096;3;45;2025-12-01
43.6;3.8;15.0;10.0;0.0;0;19;0;12;0;-0.9659258262890684;0.2588190451025203;-2.4492935982947064e-16;1.0;0.0;1.0;31.20111092958667;31.20111092958667;31.20111092958667;31.20111092958667;6;63;2025-12-01
43.6;3.8;15.0;10.0;0.0;0;19;0;12;0;-0.9659258262890684;0.2588190451025203;-2.4492935982947064e-16;1.0;0.0;1.0;0.0;0.0;6.0;0.0;5;3;2025-12-01
43.6;3.8;15.0;10.0;0.0;0;19;0;12;0;-0.9659258262890684;0.2588190451025203;-2.4492935982947064e-16;1.0;0.0;1.0;15.0;15.0;25.0;15.0;9;24;2025-12-01
43.6;3.8;15.0;10.0;0.0;0;19;0;12;0;-0.9659258262890684;0.2588190451025203;-2.4492935982947064e-16;1.0;0.0;1.0;73.56842729970326;73.56842729970326;70.0;73.56842729970326;10;106;2025-12-01
43.6;3.8;15.0;10.0;0.0;0;19;0;12;0;-0.9659258262890684;0.2588190451025203;-2.4492935982947064e-16;1.0;0.0;1.0;8.0;8.0;23.0;8.0;1;21;2025-12-01
43.6;3.8;15.0;10.0;0.0;0;19;0;12;0;-0.9659258262890684;0.2588190451025203;-2.4492935982947064e-16;1.0;0.0;1.0;68.0;68.0;121.0;68.0;7;128;2025-12-01
43.6;3.8;15.0;10.0;0.0;0;19;0;12;0;-0.9659258262890684;0.2588190451025203;-2.4492935982947064e-16;1.0;0.0;1.0;21.247144340602283;21.247144340602283;21.247144340602283;21.247144340602283;8;33;2025-12-01
43.6;3.8;15.0;10.0;0.0;0;19;0;12;0;-0.9659258262890684;0.2588190451025203;-2.4492935982947064e-16;1.0;0.0;1.0;0.0;0.0;0.0;0.0;4;2;2025-12-01
43.6;3.8;15.0;10.0;0.0;0;20;0;12;0;-0.8660254037844386;0.5000000000000001;-2.4492935982947064e-16;1.0;0.0;1.0;18.0;18.0;50.0;18.0;0;37;2025-12-01
43.6;3.8;15.0;10.0;0.0;0;20;0;12;0;-0.8660254037844386;0.5000000000000001;-2.4492935982947064e-16;1.0;0.0;1.0;1.0;1.0;5.0;1.0;12;4;2025-12-01
43.6;3.8;15.0;10.0;0.0;0;20;0;12;0;-0.8660254037844386;0.5000000000000001;-2.4492935982947064e-16;1.0;0.0;1.0;55.0;55.0;104.0;55.0;17;84;2025-12-01
43.6;3.8;15.0;10.0;0.0;0;20;0;12;0;-0.8660254037844386;0.5000000000000001;-2.4492935982947064e-16;1.0;0.0;1.0;10.0;10.0;25.0;10.0;11;18;2025-12-01
43.6;3.8;15.0;10.0;0.0;0;20;0;12;0;-0.8660254037844386;0.5000000000000001;-2.4492935982947064e-16;1.0;0.0;1.0;1.0;1.0;2.0;1.0;13;2;2025-12-01
43.6;3.8;15.0;10.0;0.0;0;20;0;12;0;-0.8660254037844386;0.5000000000000001;-2.4492935982947064e-16;1.0;0.0;1.0;0.0;0.0;0.0;0.0;16;0;2025-12-01
43.6;3.8;15.0;10.0;0.0;0;20;0;12;0;-0.8660254037844386;0.5000000000000001;-2.4492935982947064e-16;1.0;0.0;1.0;16.32531418312388;16.32531418312388;16.32531418312388;16.32531418312388;14;19;2025-12-01
43.6;3.8;15.0;10.0;0.0;0;20;0;12;0;-0.8660254037844386;0.5000000000000001;-2.4492935982947064e-16;1.0;0.0;1.0;3.853804347826087;3.853804347826087;3.853804347826087;3.853804347826087;2;5;2025-12-01
43.6;3.8;15.0;10.0;0.0;0;20;0;12;0;-0.8660254037844386;0.5000000000000001;-2.4492935982947064e-16;1.0;0.0;1.0;8.0;8.0;7.0;8.0;15;9;2025-12-01
43.6;3.8;15.0;10.0;0.0;0;20;0;12;0;-0.8660254037844386;0.5000000000000001;-2.4492935982947064e-16;1.0;0.0;1.0;30.645238095238096;30.645238095238096;30.645238095238096;30.645238095238096;3;34;2025-12-01
43.6;3.8;15.0;10.0;0.0;0;20;0;12;0;-0.8660254037844386;0.5000000000000001;-2.4492935982947064e-16;1.0;0.0;1.0;31.20111092958667;31.20111092958667;31.20111092958667;31.20111092958667;6;49;2025-12-01
43.6;3.8;15.0;10.0;0.0;0;20;0;12;0;-0.8660254037844386;0.5000000000000001;-2.4492935982947064e-16;1.0;0.0;1.0;1.0;1.0;5.0;1.0;5;5;2025-12-01
43.6;3.8;15.0;10.0;0.0;0;20;0;12;0;-0.8660254037844386;0.5000000000000001;-2.4492935982947064e-16;1.0;0.0;1.0;2.0;2.0;15.0;2.0;9;8;2025-12-01
43.6;3.8;15.0;10.0;0.0;0;20;0;12;0;-0.8660254037844386;0.5000000000000001;-2.4492935982947064e-16;1.0;0.0;1.0;73.56842729970326;73.56842729970326;34.0;73.56842729970326;10;69;2025-12-01
43.6;3.8;15.0;10.0;0.0;0;20;0;12;0;-0.8660254037844386;0.5000000000000001;-2.4492935982947064e-16;1.0;0.0;1.0;5.0;5.0;10.0;5.0;1;8;2025-12-01
43.6;3.8;15.0;10.0;0.0;0;20;0;12;0;-0.8660254037844386;0.5000000000000001;-2.4492935982947064e-16;1.0;0.0;1.0;18.0;18.0;89.0;18.0;7;51;2025-12-01
43.6;3.8;15.0;10.0;0.0;0;20;0;12;0;-0.8660254037844386;0.5000000000000001;-2.4492935982947064e-16;1.0;0.0;1.0;21.247144340602283;21.247144340602283;21.247144340602283;21.247144340602283;8;24;2025-12-01
43.6;3.8;15.0;10.0;0.0;0;20;0;12;0;-0.8660254037844386;0.5000000000000001;-2.4492935982947064e-16;1.0;0.0;1.0;0.0;0.0;0.0;0.0;4;1;2025-12-01
43.6;3.8;15.0;10.0;0.0;0;21;0;12;0;-0.7071067811865477;0.7071067811865474;-2.4492935982947064e-16;1.0;0.0;1.0;11.0;11.0;21.0;11.0;0;17;2025-12-01
43.6;3.8;15.0;10.0;0.0;0;21;0;12;0;-0.7071067811865477;0.7071067811865474;-2.4492935982947064e-16;1.0;0.0;1.0;1.0;1.0;4.0;1.0;12;4;2025-12-01
43.6;3.8;15.0;10.0;0.0;0;21;0;12;0;-0.7071067811865477;0.7071067811865474;-2.4492935982947064e-16;1.0;0.0;1.0;38.0;38.0;59.0;38.0;17;45;2025-12-01
43.6;3.8;15.0;10.0;0.0;0;21;0;12;0;-0.7071067811865477;0.7071067811865474;-2.4492935982947064e-16;1.0;0.0;1.0;4.0;4.0;15.0;4.0;11;10;2025-12-01
43.6;3.8;15.0;10.0;0.0;0;21;0;12;0;-0.7071067811865477;0.7071067811865474;-2.4492935982947064e-16;1.0;0.0;1.0;2.0;2.0;0.0;2.0;13;2;2025-12-01
43.6;3.8;15.0;10.0;0.0;0;21;0;12;0;-0.7071067811865477;0.7071067811865474;-2.4492935982947064e-16;1.0;0.0;1.0;0.0;0.0;0.0;0.0;16;0;2025-12-01
43.6;3.8;15.0;10.0;0.0;0;21;0;12;0;-0.7071067811865477;0.7071067811865474;-2.4492935982947064e-16;1.0;0.0;1.0;16.32531418312388;16.32531418312388;16.32531418312388;16.32531418312388;14;18;2025-12-01
43.6;3.8;15.0;10.0;0.0;0;21;0;12;0;-0.7071067811865477;0.7071067811865474;-2.4492935982947064e-16;1.0;0.0;1.0;3.853804347826087;3.853804347826087;3.853804347826087;3.853804347826087;2;4;2025-12-01
43.6;3.8;15.0;10.0;0.0;0;21;0;12;0;-0.7071067811865477;0.7071067811865474;-2.4492935982947064e-16;1.0;0.0;1.0;4.0;4.0;4.0;4.0;15;5;2025-12-01
43.6;3.8;15.0;10.0;0.0;0;21;0;12;0;-0.7071067811865477;0.7071067811865474;-2.4492935982947064e-16;1.0;0.0;1.0;30.645238095238096;30.645238095238096;30.645238095238096;30.645238095238096;3;29;2025-12-01
43.6;3.8;15.0;10.0;0.0;0;21;0;12;0;-0.7071067811865477;0.7071067811865474;-2.4492935982947064e-16;1.0;0.0;1.0;31.20111092958667;31.20111092958667;31.20111092958667;31.20111092958667;6;44;2025-12-01
43.6;3.8;15.0;10.0;0.0;0;21;0;12;0;-0.7071067811865477;0.7071067811865474;-2.4492935982947064e-16;1.0;0.0;1.0;0.0;0.0;1.0;0.0;5;1;2025-12-01
43.6;3.8;15.0;10.0;0.0;0;21;0;12;0;-0.7071067811865477;0.7071067811865474;-2.4492935982947064e-16;1.0;0.0;1.0;3.0;3.0;12.0;3.0;9;8;2025-12-01
43.6;3.8;15.0;10.0;0.0;0;21;0;12;0;-0.7071067811865477;0.7071067811865474;-2.4492935982947064e-16;1.0;0.0;1.0;73.56842729970326;73.56842729970326;22.0;73.56842729970326;10;60;2025-12-01
43.6;3.8;15.0;10.0;0.0;0;21;0;12;0;-0.7071067811865477;0.7071067811865474;-2.4492935982947064e-16;1.0;0.0;1.0;8.0;8.0;6.0;8.0;1;8;2025-12-01
43.6;3.8;15.0;10.0;0.0;0;21;0;12;0;-0.7071067811865477;0.7071067811865474;-2.4492935982947064e-16;1.0;0.0;1.0;44.0;44.0;31.0;44.0;7;39;2025-12-01
43.6;3.8;15.0;10.0;0.0;0;21;0;12;0;-0.7071067811865477;0.7071067811865474;-2.4492935982947064e-16;1.0;0.0;1.0;21.247144340602283;21.247144340602283;21.247144340602283;21.247144340602283;8;20;2025-12-01
43.6;3.8;15.0;10.0;0.0;0;21;0;12;0;-0.7071067811865477;0.7071067811865474;-2.4492935982947064e-16;1.0;0.0;1.0;0.0;0.0;0.0;0.0;4;1;2025-12-01
43.6;3.8;15.0;10.0;0.0;0;22;0;12;0;-0.5000000000000004;0.8660254037844384;-2.4492935982947064e-16;1.0;0.0;1.0;10.0;10.0;22.0;10.0;0;17;2025-12-01
43.6;3.8;15.0;10.0;0.0;0;22;0;12;0;-0.5000000000000004;0.8660254037844384;-2.4492935982947064e-16;1.0;0.0;1.0;2.0;2.0;2.0;2.0;12;2;2025-12-01
43.6;3.8;15.0;10.0;0.0;0;22;0;12;0;-0.5000000000000004;0.8660254037844384;-2.4492935982947064e-16;1.0;0.0;1.0;20.0;20.0;47.0;20.0;17;29;2025-12-01
43.6;3.8;15.0;10.0;0.0;0;22;0;12;0;-0.5000000000000004;0.8660254037844384;-2.4492935982947064e-16;1.0;0.0;1.0;5.0;5.0;11.0;5.0;11;7;2025-12-01
43.6;3.8;15.0;10.0;0.0;0;22;0;12;0;-0.5000000000000004;0.8660254037844384;-2.4492935982947064e-16;1.0;0.0;1.0;0.0;0.0;0.0;0.0;13;1;2025-12-01
43.6;3.8;15.0;10.0;0.0;0;22;0;12;0;-0.5000000000000004;0.8660254037844384;-2.4492935982947064e-16;1.0;0.0;1.0;0.0;0.0;0.0;0.0;16;0;2025-12-01
43.6;3.8;15.0;10.0;0.0;0;22;0;12;0;-0.5000000000000004;0.8660254037844384;-2.4492935982947064e-16;1.0;0.0;1.0;16.32531418312388;16.32531418312388;16.32531418312388;16.32531418312388;14;18;2025-12-01
43.6;3.8;15.0;10.0;0.0;0;22;0;12;0;-0.5000000000000004;0.8660254037844384;-2.4492935982947064e-16;1.0;0.0;1.0;3.853804347826087;3.853804347826087;3.853804347826087;3.853804347826087;2;4;2025-12-01
43.6;3.8;15.0;10.0;0.0;0;22;0;12;0;-0.5000000000000004;0.8660254037844384;-2.4492935982947064e-16;1.0;0.0;1.0;4.0;4.0;5.0;4.0;15;6;2025-12-01
43.6;3.8;15.0;10.0;0.0;0;22;0;12;0;-0.5000000000000004;0.8660254037844384;-2.4492935982947064e-16;1.0;0.0;1.0;30.645238095238096;30.645238095238096;30.645238095238096;30.645238095238096;3;28;2025-12-01
43.6;3.8;15.0;10.0;0.0;0;22;0;12;0;-0.5000000000000004;0.8660254037844384;-2.4492935982947064e-16;1.0;0.0;1.0;31.20111092958667;31.20111092958667;31.20111092958667;31.20111092958667;6;43;2025-12-01
43.6;3.8;15.0;10.0;0.0;0;22;0;12;0;-0.5000000000000004;0.8660254037844384;-2.4492935982947064e-16;1.0;0.0;1.0;0.0;0.0;1.0;0.0;5;1;2025-12-01
43.6;3.8;15.0;10.0;0.0;0;22;0;12;0;-0.5000000000000004;0.8660254037844384;-2.4492935982947064e-16;1.0;0.0;1.0;2.0;2.0;8.0;2.0;9;6;2025-12-01
43.6;3.8;15.0;10.0;0.0;0;22;0;12;0;-0.5000000000000004;0.8660254037844384;-2.4492935982947064e-16;1.0;0.0;1.0;73.56842729970326;73.56842729970326;12.0;73.56842729970326;10;49;2025-12-01
43.6;3.8;15.0;10.0;0.0;0;22;0;12;0;-0.5000000000000004;0.8660254037844384;-2.4492935982947064e-16;1.0;0.0;1.0;2.0;2.0;4.0;2.0;1;4;2025-12-01
43.6;3.8;15.0;10.0;0.0;0;22;0;12;0;-0.5000000000000004;0.8660254037844384;-2.4492935982947064e-16;1.0;0.0;1.0;11.0;11.0;24.0;11.0;7;17;2025-12-01
43.6;3.8;15.0;10.0;0.0;0;22;0;12;0;-0.5000000000000004;0.8660254037844384;-2.4492935982947064e-16;1.0;0.0;1.0;21.247144340602283;21.247144340602283;21.247144340602283;21.247144340602283;8;20;2025-12-01
43.6;3.8;15.0;10.0;0.0;0;22;0;12;0;-0.5000000000000004;0.8660254037844384;-2.4492935982947064e-16;1.0;0.0;1.0;0.0;0.0;0.0;0.0;4;1;2025-12-01
43.6;3.8;15.0;10.0;0.0;0;23;0;12;0;-0.25881904510252157;0.9659258262890681;-2.4492935982947064e-16;1.0;0.0;1.0;3.0;3.0;7.0;3.0;0;8;2025-12-01
43.6;3.8;15.0;10.0;0.0;0;23;0;12;0;-0.25881904510252157;0.9659258262890681;-2.4492935982947064e-16;1.0;0.0;1.0;0.0;0.0;2.0;0.0;12;1;2025-12-01
43.6;3.8;15.0;10.0;0.0;0;23;0;12;0;-0.25881904510252157;0.9659258262890681;-2.4492935982947064e-16;1.0;0.0;1.0;12.0;12.0;31.0;12.0;17;21;2025-12-01
43.6;3.8;15.0;10.0;0.0;0;23;0;12;0;-0.25881904510252157;0.9659258262890681;-2.4492935982947064e-16;1.0;0.0;1.0;1.0;1.0;4.0;1.0;11;3;2025-12-01
43.6;3.8;15.0;10.0;0.0;0;23;0;12;0;-0.25881904510252157;0.9659258262890681;-2.4492935982947064e-16;1.0;0.0;1.0;0.0;0.0;0.0;0.0;13;0;2025-12-01
43.6;3.8;15.0;10.0;0.0;0;23;0;12;0;-0.25881904510252157;0.9659258262890681;-2.4492935982947064e-16;1.0;0.0;1.0;0.0;0.0;0.0;0.0;16;0;2025-12-01
43.6;3.8;15.0;10.0;0.0;0;23;0;12;0;-0.25881904510252157;0.9659258262890681;-2.4492935982947064e-16;1.0;0.0;1.0;16.32531418312388;16.32531418312388;16.32531418312388;16.32531418312388;14;18;2025-12-01
43.6;3.8;15.0;10.0;0.0;0;23;0;12;0;-0.25881904510252157;0.9659258262890681;-2.4492935982947064e-16;1.0;0.0;1.0;3.853804347826087;3.853804347826087;3.853804347826087;3.853804347826087;2;4;2025-12-01
43.6;3.8;15.0;10.0;0.0;0;23;0;12;0;-0.25881904510252157;0.9659258262890681;-2.4492935982947064e-16;1.0;0.0;1.0;0.0;0.0;0.0;0.0;15;0;2025-12-01
43.6;3.8;15.0;10.0;0.0;0;23;0;12;0;-0.25881904510252157;0.9659258262890681;-2.4492935982947064e-16;1.0;0.0;1.0;30.645238095238096;30.645238095238096;30.645238095238096;30.645238095238096;3;27;2025-12-01
43.6;3.8;15.0;10.0;0.0;0;23;0;12;0;-0.25881904510252157;0.9659258262890681;-2.4492935982947064e-16;1.0;0.0;1.0;31.20111092958667;31.20111092958667;31.20111092958667;31.20111092958667;6;42;2025-12-01
43.6;3.8;15.0;10.0;0.0;0;23;0;12;0;-0.25881904510252157;0.9659258262890681;-2.4492935982947064e-16;1.0;0.0;1.0;0.0;0.0;0.0;0.0;5;1;2025-12-01
43.6;3.8;15.0;10.0;0.0;0;23;0;12;0;-0.25881904510252157;0.9659258262890681;-2.4492935982947064e-16;1.0;0.0;1.0;6.0;6.0;3.0;6.0;9;6;2025-12-01
43.6;3.8;15.0;10.0;0.0;0;23;0;12;0;-0.25881904510252157;0.9659258262890681;-2.4492935982947064e-16;1.0;0.0;1.0;73.56842729970326;73.56842729970326;2.0;73.56842729970326;10;43;2025-12-01
43.6;3.8;15.0;10.0;0.0;0;23;0;12;0;-0.25881904510252157;0.9659258262890681;-2.4492935982947064e-16;1.0;0.0;1.0;2.0;2.0;2.0;2.0;1;2;2025-12-01
43.6;3.8;15.0;10.0;0.0;0;23;0;12;0;-0.25881904510252157;0.9659258262890681;-2.4492935982947064e-16;1.0;0.0;1.0;26.0;26.0;28.0;26.0;7;26;2025-12-01
43.6;3.8;15.0;10.0;0.0;0;23;0;12;0;-0.25881904510252157;0.9659258262890681;-2.4492935982947064e-16;1.0;0.0;1.0;21.247144340602283;21.247144340602283;21.247144340602283;21.247144340602283;8;20;2025-12-01
43.6;3.8;15.0;10.0;0.0;0;23;0;12;0;-0.25881904510252157;0.9659258262890681;-2.4492935982947064e-16;1.0;0.0;1.0;0.0;0.0;0.0;0.0;4;1;2025-12-01
43.6;3.8;15.0;10.0;0.0;0;0;1;12;0;0.0;1.0;-2.4492935982947064e-16;1.0;0.7818314824680298;0.6234898018587336;52.57978090021434;52.57978090021434;0.0;52.57978090021434;0;33;2025-12-01
43.6;3.8;15.0;10.0;0.0;0;0;1;12;0;0.0;1.0;-2.4492935982947064e-16;1.0;0.7818314824680298;0.6234898018587336;0.0;0.0;0.0;0.0;12;0;2025-12-01
43.6;3.8;15.0;10.0;0.0;0;0;1;12;0;0.0;1.0;-2.4492935982947064e-16;1.0;0.7818314824680298;0.6234898018587336;7.0;7.0;10.0;7.0;17;7;2025-12-01
43.6;3.8;15.0;10.0;0.0;0;0;1;12;0;0.0;1.0;-2.4492935982947064e-16;1.0;0.7818314824680298;0.6234898018587336;0.0;0.0;1.0;0.0;11;0;2025-12-01
43.6;3.8;15.0;10.0;0.0;0;0;1;12;0;0.0;1.0;-2.4492935982947064e-16;1.0;0.7818314824680298;0.6234898018587336;0.0;0.0;0.0;0.0;13;0;2025-12-01
43.6;3.8;15.0;10.0;0.0;0;0;1;12;0;0.0;1.0;-2.4492935982947064e-16;1.0;0.7818314824680298;0.6234898018587336;0.0;0.0;0.0;0.0;16;0;2025-12-01
43.6;3.8;15.0;10.0;0.0;0;0;1;12;0;0.0;1.0;-2.4492935982947064e-16;1.0;0.7818314824680298;0.6234898018587336;16.32531418312388;16.32531418312388;16.32531418312388;16.32531418312388;14;13;2025-12-01
43.6;3.8;15.0;10.0;0.0;0;0;1;12;0;0.0;1.0;-2.4492935982947064e-16;1.0;0.7818314824680298;0.6234898018587336;3.853804347826087;3.853804347826087;3.853804347826087;3.853804347826087;2;3;2025-12-01
43.6;3.8;15.0;10.0;0.0;0;0;1;12;0;0.0;1.0;-2.4492935982947064e-16;1.0;0.7818314824680298;0.6234898018587336;1.0;1.0;0.0;1.0;15;1;2025-12-01
43.6;3.8;15.0;10.0;0.0;0;0;1;12;0;0.0;1.0;-2.4492935982947064e-16;1.0;0.7818314824680298;0.6234898018587336;30.645238095238096;30.645238095238096;30.645238095238096;30.645238095238096;3;23;2025-12-01
43.6;3.8;15.0;10.0;0.0;0;0;1;12;0;0.0;1.0;-2.4492935982947064e-16;1.0;0.7818314824680298;0.6234898018587336;31.20111092958667;31.20111092958667;31.20111092958667;31.20111092958667;6;21;2025-12-01
43.6;3.8;15.0;10.0;0.0;0;0;1;12;0;0.0;1.0;-2.4492935982947064e-16;1.0;0.7818314824680298;0.6234898018587336;0.0;0.0;1.0;0.0;5;0;2025-12-01
43.6;3.8;15.0;10.0;0.0;0;0;1;12;0;0.0;1.0;-2.4492935982947064e-16;1.0;0.7818314824680298;0.6234898018587336;1.0;1.0;3.0;1.0;9;1;2025-12-01
43.6;3.8;15.0;10.0;0.0;0;0;1;12;0;0.0;1.0;-2.4492935982947064e-16;1.0;0.7818314824680298;0.6234898018587336;73.56842729970326;73.56842729970326;4.0;73.56842729970326;10;41;2025-12-01
43.6;3.8;15.0;10.0;0.0;0;0;1;12;0;0.0;1.0;-2.4492935982947064e-16;1.0;0.7818314824680298;0.6234898018587336;3.0;3.0;2.0;3.0;1;2;2025-12-01
43.6;3.8;15.0;10.0;0.0;0;0;1;12;0;0.0;1.0;-2.4492935982947064e-16;1.0;0.7818314824680298;0.6234898018587336;8.0;8.0;3.0;8.0;7;5;2025-12-01
43.6;3.8;15.0;10.0;0.0;0;0;1;12;0;0.0;1.0;-2.4492935982947064e-16;1.0;0.7818314824680298;0.6234898018587336;21.247144340602283;21.247144340602283;21.247144340602283;21.247144340602283;8;15;2025-12-01
43.6;3.8;15.0;10.0;0.0;0;0;1;12;0;0.0;1.0;-2.4492935982947064e-16;1.0;0.7818314824680298;0.6234898018587336;0.0;0.0;0.0;0.0;4;0;2025-12-01
43.6;3.8;15.0;10.0;0.0;0;1;1;12;0;0.25881904510252074;0.9659258262890683;-2.4492935982947064e-16;1.0;0.7818314824680298;0.6234898018587336;52.57978090021434;52.57978090021434;0.0;52.57978090021434;0;31;2025-12-01
43.6;3.8;15.0;10.0;0.0;0;1;1;12;0;0.25881904510252074;0.9659258262890683;-2.4492935982947064e-16;1.0;0.7818314824680298;0.6234898018587336;0.0;0.0;0.0;0.0;12;0;2025-12-01
43.6;3.8;15.0;10.0;0.0;0;1;1;12;0;0.25881904510252074;0.9659258262890683;-2.4492935982947064e-16;1.0;0.7818314824680298;0.6234898018587336;4.0;4.0;2.0;4.0;17;2;2025-12-01
43.6;3.8;15.0;10.0;0.0;0;1;1;12;0;0.25881904510252074;0.9659258262890683;-2.4492935982947064e-16;1.0;0.7818314824680298;0.6234898018587336;0.0;0.0;1.0;0.0;11;0;2025-12-01
43.6;3.8;15.0;10.0;0.0;0;1;1;12;0;0.25881904510252074;0.9659258262890683;-2.4492935982947064e-16;1.0;0.7818314824680298;0.6234898018587336;0.0;0.0;0.0;0.0;13;0;2025-12-01
43.6;3.8;15.0;10.0;0.0;0;1;1;12;0;0.25881904510252074;0.9659258262890683;-2.4492935982947064e-16;1.0;0.7818314824680298;0.6234898018587336;0.0;0.0;0.0;0.0;16;0;2025-12-01
43.6;3.8;15.0;10.0;0.0;0;1;1;12;0;0.25881904510252074;0.9659258262890683;-2.4492935982947064e-16;1.0;0.7818314824680298;0.6234898018587336;16.32531418312388;16.32531418312388;16.32531418312388;16.32531418312388;14;13;2025-12-01
43.6;3.8;15.0;10.0;0.0;0;1;1;12;0;0.25881904510252074;0.9659258262890683;-2.4492935982947064e-16;1.0;0.7818314824680298;0.6234898018587336;3.853804347826087;3.853804347826087;3.853804347826087;3.853804347826087;2;3;2025-12-01
43.6;3.8;15.0;10.0;0.0;0;1;1;12;0;0.25881904510252074;0.9659258262890683;-2.4492935982947064e-16;1.0;0.7818314824680298;0.6234898018587336;2.0;2.0;0.0;2.0;15;1;2025-12-01
43.6;3.8;15.0;10.0;0.0;0;1;1;12;0;0.25881904510252074;0.9659258262890683;-2.4492935982947064e-16;1.0;0.7818314824680298;0.6234898018587336;30.645238095238096;30.645238095238096;30.645238095238096;30.645238095238096;3;21;2025-12-01
43.6;3.8;15.0;10.0;0.0;0;1;1;12;0;0.25881904510252074;0.9659258262890683;-2.4492935982947064e-16;1.0;0.7818314824680298;0.6234898018587336;31.20111092958667;31.20111092958667;31.20111092958667;31.20111092958667;6;20;2025-12-01
43.6;3.8;15.0;10.0;0.0;0;1;1;12;0;0.25881904510252074;0.9659258262890683;-2.4492935982947064e-16;1.0;0.7818314824680298;0.6234898018587336;0.0;0.0;0.0;0.0;5;0;2025-12-01
43.6;3.8;15.0;10.0;0.0;0;1;1;12;0;0.25881904510252074;0.9659258262890683;-2.4492935982947064e-16;1.0;0.7818314824680298;0.6234898018587336;2.0;2.0;0.0;2.0;9;1;2025-12-01
43.6;3.8;15.0;10.0;0.0;0;1;1;12;0;0.25881904510252074;0.9659258262890683;-2.4492935982947064e-16;1.0;0.7818314824680298;0.6234898018587336;73.56842729970326;73.56842729970326;1.0;73.56842729970326;10;46;2025-12-01
43.6;3.8;15.0;10.0;0.0;0;1;1;12;0;0.25881904510252074;0.9659258262890683;-2.4492935982947064e-16;1.0;0.7818314824680298;0.6234898018587336;0.0;0.0;1.0;0.0;1;0;2025-12-01
43.6;3.8;15.0;10.0;0.0;0;1;1;12;0;0.25881904510252074;0.9659258262890683;-2.4492935982947064e-16;1.0;0.7818314824680298;0.6234898018587336;1.0;1.0;1.0;1.0;7;1;2025-12-01
43.6;3.8;15.0;10.0;0.0;0;1;1;12;0;0.25881904510252074;0.9659258262890683;-2.4492935982947064e-16;1.0;0.7818314824680298;0.6234898018587336;21.247144340602283;21.247144340602283;21.247144340602283;21.247144340602283;8;14;2025-12-01
43.6;3.8;15.0;10.0;0.0;0;1;1;12;0;0.25881904510252074;0.9659258262890683;-2.4492935982947064e-16;1.0;0.7818314824680298;0.6234898018587336;1.8449964513839603;1.8449964513839603;0.0;1.8449964513839603;4;1;2025-12-01
43.6;3.8;15.0;10.0;0.0;0;2;1;12;0;0.49999999999999994;0.8660254037844387;-2.4492935982947064e-16;1.0;0.7818314824680298;0.6234898018587336;52.57978090021434;52.57978090021434;1.0;52.57978090021434;0;29;2025-12-01
43.6;3.8;15.0;10.0;0.0;0;2;1;12;0;0.49999999999999994;0.8660254037844387;-2.4492935982947064e-16;1.0;0.7818314824680298;0.6234898018587336;11.96447119924457;11.96447119924457;0.0;11.96447119924457;12;5;2025-12-01
43.6;3.8;15.0;10.0;0.0;0;2;1;12;0;0.49999999999999994;0.8660254037844387;-2.4492935982947064e-16;1.0;0.7818314824680298;0.6234898018587336;2.0;2.0;0.0;2.0;17;1;2025-12-01
43.6;3.8;15.0;10.0;0.0;0;2;1;12;0;0.49999999999999994;0.8660254037844387;-2.4492935982947064e-16;1.0;0.7818314824680298;0.6234898018587336;0.0;0.0;2.0;0.0;11;0;2025-12-01
43.6;3.8;15.0;10.0;0.0;0;2;1;12;0;0.49999999999999994;0.8660254037844387;-2.4492935982947064e-16;1.0;0.7818314824680298;0.6234898018587336;0.0;0.0;0.0;0.0;13;0;2025-12-01
43.6;3.8;15.0;10.0;0.0;0;2;1;12;0;0.49999999999999994;0.8660254037844387;-2.4492935982947064e-16;1.0;0.7818314824680298;0.6234898018587336;0.0;0.0;0.0;0.0;16;0;2025-12-01
43.6;3.8;15.0;10.0;0.0;0;2;1;12;0;0.49999999999999994;0.8660254037844387;-2.4492935982947064e-16;1.0;0.7818314824680298;0.6234898018587336;16.32531418312388;16.32531418312388;16.32531418312388;16.32531418312388;14;13;2025-12-01
43.6;3.8;15.0;10.0;0.0;0;2;1;12;0;0.49999999999999994;0.8660254037844387;-2.4492935982947064e-16;1.0;0.7818314824680298;0.6234898018587336;3.853804347826087;3.853804347826087;3.853804347826087;3.853804347826087;2;2;2025-12-01
43.6;3.8;15.0;10.0;0.0;0;2;1;12;0;0.49999999999999994;0.8660254037844387;-2.4492935982947064e-16;1.0;0.7818314824680298;0.6234898018587336;0.0;0.0;0.0;0.0;15;0;2025-12-01
43.6;3.8;15.0;10.0;0.0;0;2;1;12;0;0.49999999999999994;0.8660254037844387;-2.4492935982947064e-16;1.0;0.7818314824680298;0.6234898018587336;30.645238095238096;30.645238095238096;30.645238095238096;30.645238095238096;3;22;2025-12-01
43.6;3.8;15.0;10.0;0.0;0;2;1;12;0;0.49999999999999994;0.8660254037844387;-2.4492935982947064e-16;1.0;0.7818314824680298;0.6234898018587336;31.20111092958667;31.20111092958667;31.20111092958667;31.20111092958667;6;20;2025-12-01
43.6;3.8;15.0;10.0;0.0;0;2;1;12;0;0.49999999999999994;0.8660254037844387;-2.4492935982947064e-16;1.0;0.7818314824680298;0.6234898018587336;9.393821022727273;9.393821022727273;0.0;9.393821022727273;5;5;2025-12-01
43.6;3.8;15.0;10.0;0.0;0;2;1;12;0;0.49999999999999994;0.8660254037844387;-2.4492935982947064e-16;1.0;0.7818314824680298;0.6234898018587336;3.0;3.0;1.0;3.0;9;2;2025-12-01
43.6;3.8;15.0;10.0;0.0;0;2;1;12;0;0.49999999999999994;0.8660254037844387;-2.4492935982947064e-16;1.0;0.7818314824680298;0.6234898018587336;73.56842729970326;73.56842729970326;1.0;73.56842729970326;10;47;2025-12-01
43.6;3.8;15.0;10.0;0.0;0;2;1;12;0;0.49999999999999994;0.8660254037844387;-2.4492935982947064e-16;1.0;0.7818314824680298;0.6234898018587336;1.0;1.0;0.0;1.0;1;1;2025-12-01
43.6;3.8;15.0;10.0;0.0;0;2;1;12;0;0.49999999999999994;0.8660254037844387;-2.4492935982947064e-16;1.0;0.7818314824680298;0.6234898018587336;66.86605461393597;66.86605461393597;0.0;66.86605461393597;7;42;2025-12-01
43.6;3.8;15.0;10.0;0.0;0;2;1;12;0;0.49999999999999994;0.8660254037844387;-2.4492935982947064e-16;1.0;0.7818314824680298;0.6234898018587336;21.247144340602283;21.247144340602283;21.247144340602283;21.247144340602283;8;14;2025-12-01
43.6;3.8;15.0;10.0;0.0;0;2;1;12;0;0.49999999999999994;0.8660254037844387;-2.4492935982947064e-16;1.0;0.7818314824680298;0.6234898018587336;1.8449964513839603;1.8449964513839603;0.0;1.8449964513839603;4;1;2025-12-01
43.6;3.8;15.0;10.0;0.0;0;3;1;12;0;0.7071067811865475;0.7071067811865476;-2.4492935982947064e-16;1.0;0.7818314824680298;0.6234898018587336;52.57978090021434;52.57978090021434;1.0;52.57978090021434;0;32;2025-12-01
43.6;3.8;15.0;10.0;0.0;0;3;1;12;0;0.7071067811865475;0.7071067811865476;-2.4492935982947064e-16;1.0;0.7818314824680298;0.6234898018587336;11.96447119924457;11.96447119924457;0.0;11.96447119924457;12;6;2025-12-01
43.6;3.8;15.0;10.0;0.0;0;3;1;12;0;0.7071067811865475;0.7071067811865476;-2.4492935982947064e-16;1.0;0.7818314824680298;0.6234898018587336;5.0;5.0;3.0;5.0;17;4;2025-12-01
43.6;3.8;15.0;10.0;0.0;0;3;1;12;0;0.7071067811865475;0.7071067811865476;-2.4492935982947064e-16;1.0;0.7818314824680298;0.6234898018587336;1.0;1.0;1.0;1.0;11;1;2025-12-01
43.6;3.8;15.0;10.0;0.0;0;3;1;12;0;0.7071067811865475;0.7071067811865476;-2.4492935982947064e-16;1.0;0.7818314824680298;0.6234898018587336;5.748249258160238;5.748249258160238;5.748249258160238;5.748249258160238;13;4;2025-12-01
43.6;3.8;15.0;10.0;0.0;0;3;1;12;0;0.7071067811865475;0.7071067811865476;-2.4492935982947064e-16;1.0;0.7818314824680298;0.6234898018587336;0.0;0.0;0.0;0.0;16;0;2025-12-01
43.6;3.8;15.0;10.0;0.0;0;3;1;12;0;0.7071067811865475;0.7071067811865476;-2.4492935982947064e-16;1.0;0.7818314824680298;0.6234898018587336;16.32531418312388;16.32531418312388;16.32531418312388;16.32531418312388;14;13;2025-12-01
43.6;3.8;15.0;10.0;0.0;0;3;1;12;0;0.7071067811865475;0.7071067811865476;-2.4492935982947064e-16;1.0;0.7818314824680298;0.6234898018587336;3.853804347826087;3.853804347826087;3.853804347826087;3.853804347826087;2;3;2025-12-01
43.6;3.8;15.0;10.0;0.0;0;3;1;12;0;0.7071067811865475;0.7071067811865476;-2.4492935982947064e-16;1.0;0.7818314824680298;0.6234898018587336;0.0;0.0;0.0;0.0;15;0;2025-12-01
43.6;3.8;15.0;10.0;0.0;0;3;1;12;0;0.7071067811865475;0.7071067811865476;-2.4492935982947064e-16;1.0;0.7818314824680298;0.6234898018587336;30.645238095238096;30.645238095238096;30.645238095238096;30.645238095238096;3;23;2025-12-01
43.6;3.8;15.0;10.0;0.0;0;3;1;12;0;0.7071067811865475;0.7071067811865476;-2.4492935982947064e-16;1.0;0.7818314824680298;0.6234898018587336;31.20111092958667;31.20111092958667;31.20111092958667;31.20111092958667;6;22;2025-12-01
43.6;3.8;15.0;10.0;0.0;0;3;1;12;0;0.7071067811865475;0.7071067811865476;-2.4492935982947064e-16;1.0;0.7818314824680298;0.6234898018587336;9.393821022727273;9.393821022727273;0.0;9.393821022727273;5;5;2025-12-01
43.6;3.8;15.0;10.0;0.0;0;3;1;12;0;0.7071067811865475;0.7071067811865476;-2.4492935982947064e-16;1.0;0.7818314824680298;0.6234898018587336;14.351691394658754;14.351691394658754;1.0;14.351691394658754;9;10;2025-12-01
43.6;3.8;15.0;10.0;0.0;0;3;1;12;0;0.7071067811865475;0.7071067811865476;-2.4492935982947064e-16;1.0;0.7818314824680298;0.6234898018587336;73.56842729970326;73.56842729970326;0.0;73.56842729970326;10;56;2025-12-01
43.6;3.8;15.0;10.0;0.0;0;3;1;12;0;0.7071067811865475;0.7071067811865476;-2.4492935982947064e-16;1.0;0.7818314824680298;0.6234898018587336;0.0;0.0;1.0;0.0;1;0;2025-12-01
43.6;3.8;15.0;10.0;0.0;0;3;1;12;0;0.7071067811865475;0.7071067811865476;-2.4492935982947064e-16;1.0;0.7818314824680298;0.6234898018587336;66.86605461393597;66.86605461393597;2.0;66.86605461393597;7;43;2025-12-01
43.6;3.8;15.0;10.0;0.0;0;3;1;12;0;0.7071067811865475;0.7071067811865476;-2.4492935982947064e-16;1.0;0.7818314824680298;0.6234898018587336;21.247144340602283;21.247144340602283;21.247144340602283;21.247144340602283;8;16;2025-12-01
43.6;3.8;15.0;10.0;0.0;0;3;1;12;0;0.7071067811865475;0.7071067811865476;-2.4492935982947064e-16;1.0;0.7818314824680298;0.6234898018587336;1.8449964513839603;1.8449964513839603;0.0;1.8449964513839603;4;1;2025-12-01
43.6;3.8;15.0;10.0;0.0;0;4;1;12;0;0.8660254037844386;0.5000000000000001;-2.4492935982947064e-16;1.0;0.7818314824680298;0.6234898018587336;52.57978090021434;52.57978090021434;0.0;52.57978090021434;0;39;2025-12-01
43.6;3.8;15.0;10.0;0.0;0;4;1;12;0;0.8660254037844386;0.5000000000000001;-2.4492935982947064e-16;1.0;0.7818314824680298;0.6234898018587336;11.96447119924457;11.96447119924457;0.0;11.96447119924457;12;7;2025-12-01
43.6;3.8;15.0;10.0;0.0;0;4;1;12;0;0.8660254037844386;0.5000000000000001;-2.4492935982947064e-16;1.0;0.7818314824680298;0.6234898018587336;4.0;4.0;3.0;4.0;17;3;2025-12-01
43.6;3.8;15.0;10.0;0.0;0;4;1;12;0;0.8660254037844386;0.5000000000000001;-2.4492935982947064e-16;1.0;0.7818314824680298;0.6234898018587336;21.19112426035503;21.19112426035503;3.0;21.19112426035503;11;18;2025-12-01
43.6;3.8;15.0;10.0;0.0;0;4;1;12;0;0.8660254037844386;0.5000000000000001;-2.4492935982947064e-16;1.0;0.7818314824680298;0.6234898018587336;5.748249258160238;5.748249258160238;5.748249258160238;5.748249258160238;13;4;2025-12-01
43.6;3.8;15.0;10.0;0.0;0;4;1;12;0;0.8660254037844386;0.5000000000000001;-2.4492935982947064e-16;1.0;0.7818314824680298;0.6234898018587336;69.75175188165066;69.75175188165066;0.0;69.75175188165066;16;50;2025-12-01
43.6;3.8;15.0;10.0;0.0;0;4;1;12;0;0.8660254037844386;0.5000000000000001;-2.4492935982947064e-16;1.0;0.7818314824680298;0.6234898018587336;16.32531418312388;16.32531418312388;16.32531418312388;16.32531418312388;14;18;2025-12-01
43.6;3.8;15.0;10.0;0.0;0;4;1;12;0;0.8660254037844386;0.5000000000000001;-2.4492935982947064e-16;1.0;0.7818314824680298;0.6234898018587336;3.853804347826087;3.853804347826087;3.853804347826087;3.853804347826087;2;3;2025-12-01
43.6;3.8;15.0;10.0;0.0;0;4;1;12;0;0.8660254037844386;0.5000000000000001;-2.4492935982947064e-16;1.0;0.7818314824680298;0.6234898018587336;11.942927747705342;11.942927747705342;1.0;11.942927747705342;15;7;2025-12-01
43.6;3.8;15.0;10.0;0.0;0;4;1;12;0;0.8660254037844386;0.5000000000000001;-2.4492935982947064e-16;1.0;0.7818314824680298;0.6234898018587336;30.645238095238096;30.645238095238096;30.645238095238096;30.645238095238096;3;27;2025-12-01
43.6;3.8;15.0;10.0;0.0;0;4;1;12;0;0.8660254037844386;0.5000000000000001;-2.4492935982947064e-16;1.0;0.7818314824680298;0.6234898018587336;31.20111092958667;31.20111092958667;31.20111092958667;31.20111092958667;6;27;2025-12-01
43.6;3.8;15.0;10.0;0.0;0;4;1;12;0;0.8660254037844386;0.5000000000000001;-2.4492935982947064e-16;1.0;0.7818314824680298;0.6234898018587336;9.393821022727273;9.393821022727273;0.0;9.393821022727273;5;7;2025-12-01
43.6;3.8;15.0;10.0;0.0;0;4;1;12;0;0.8660254037844386;0.5000000000000001;-2.4492935982947064e-16;1.0;0.7818314824680298;0.6234898018587336;14.351691394658754;14.351691394658754;0.0;14.351691394658754;9;14;2025-12-01
43.6;3.8;15.0;10.0;0.0;0;4;1;12;0;0.8660254037844386;0.5000000000000001;-2.4492935982947064e-16;1.0;0.7818314824680298;0.6234898018587336;73.56842729970326;73.56842729970326;2.0;73.56842729970326;10;56;2025-12-01
43.6;3.8;15.0;10.0;0.0;0;4;1;12;0;0.8660254037844386;0.5000000000000001;-2.4492935982947064e-16;1.0;0.7818314824680298;0.6234898018587336;28.101722917158366;28.101722917158366;2.0;28.101722917158366;1;22;2025-12-01
43.6;3.8;15.0;10.0;0.0;0;4;1;12;0;0.8660254037844386;0.5000000000000001;-2.4492935982947064e-16;1.0;0.7818314824680298;0.6234898018587336;66.86605461393597;66.86605461393597;5.0;66.86605461393597;7;49;2025-12-01
43.6;3.8;15.0;10.0;0.0;0;4;1;12;0;0.8660254037844386;0.5000000000000001;-2.4492935982947064e-16;1.0;0.7818314824680298;0.6234898018587336;21.247144340602283;21.247144340602283;21.247144340602283;21.247144340602283;8;21;2025-12-01
43.6;3.8;15.0;10.0;0.0;0;4;1;12;0;0.8660254037844386;0.5000000000000001;-2.4492935982947064e-16;1.0;0.7818314824680298;0.6234898018587336;1.8449964513839603;1.8449964513839603;0.0;1.8449964513839603;4;2;2025-12-01
